{
  "properties": {
    "connectionReferences": {
      "shared_sharepointonline_1": {
        "runtimeSource": "embedded",
        "connection": {
          "connectionReferenceLogicalName": "cr23a_sharedsharepointonline_1d640"
        },
        "api": {
          "name": "shared_sharepointonline"
        }
      },
      "shared_office365_1": {
        "runtimeSource": "embedded",
        "connection": {
          "connectionReferenceLogicalName": "cr23a_sharedoffice365_54306"
        },
        "api": {
          "name": "shared_office365"
        }
      }
    },
    "definition": {
      "$schema": "https://schema.management.azure.com/providers/Microsoft.Logic/schemas/2016-06-01/workflowdefinition.json#",
      "contentVersion": "undefined",
      "parameters": {
        "$authentication": {
          "defaultValue": {},
          "type": "SecureObject"
        },
        "$connections": {
          "defaultValue": {},
          "type": "Object"
        }
      },
      "triggers": {
        "Recurrence": {
          "recurrence": {
            "frequency": "Minute",
            "interval": 30,
            "startTime": "2025-01-23T19:00:00Z",
            "timeZone": "GMT Standard Time"
          },
          "metadata": {
            "operationMetadataId": "4ee5e851-4886-48bc-aeeb-4a8546a97488"
          },
          "type": "Recurrence"
        }
      },
      "actions": {
        "Initialize_ReportManager": {
          "runAfter": {
            "Initialize_compliant_device_count": [
              "Succeeded"
            ]
          },
          "metadata": {
            "operationMetadataId": "57c57730-8d99-47f7-bae5-1631c64f7717"
          },
          "type": "InitializeVariable",
          "inputs": {
            "variables": [
              {
                "name": "ReportManager",
                "type": "string",
                "value": "name@domain.com"
              }
            ]
          }
        },
        "Initialize_compliantandnoncompliantdevicecount": {
          "runAfter": {
            "Initialize_variable-_HTML_Noncompliance_machines": [
              "Succeeded"
            ]
          },
          "metadata": {
            "operationMetadataId": "5e1a76f8-6da1-4f59-a79e-4125073eae4b"
          },
          "type": "InitializeVariable",
          "inputs": {
            "variables": [
              {
                "name": "compliantandnoncompliantdevicecount",
                "type": "integer",
                "value": 0
              }
            ]
          }
        },
        "Initialize_non_compliant_devices": {
          "runAfter": {
            "Initialize_compliantandnoncompliantdevicecount": [
              "Succeeded"
            ]
          },
          "metadata": {
            "operationMetadataId": "3837f388-0cf0-40b4-93e9-7717950bb244"
          },
          "type": "InitializeVariable",
          "inputs": {
            "variables": [
              {
                "name": "NoncompliantDevices",
                "type": "integer",
                "value": 0
              }
            ]
          }
        },
        "Initialize_compliant_device_count": {
          "runAfter": {
            "Initialize_non_compliant_devices": [
              "Succeeded"
            ]
          },
          "metadata": {
            "operationMetadataId": "98ae653d-1e72-4fe7-b8fa-445bb629724e"
          },
          "type": "InitializeVariable",
          "inputs": {
            "variables": [
              {
                "name": "Compliancecount",
                "type": "integer",
                "value": 0
              }
            ]
          }
        },
        "Initialize_variable_-_html_report": {
          "runAfter": {
            "Initialize_variable_-_appsecret": [
              "Succeeded"
            ]
          },
          "type": "InitializeVariable",
          "inputs": {
            "variables": [
              {
                "name": "htmlreport",
                "type": "string"
              }
            ]
          }
        },
        "Initialize_variable-_HTML_Noncompliance_machines": {
          "runAfter": {
            "Initialize_variable_-_html_report": [
              "Succeeded"
            ]
          },
          "type": "InitializeVariable",
          "inputs": {
            "variables": [
              {
                "name": "HTMLComplianceMachines",
                "type": "string"
              }
            ]
          }
        },
        "Initialize_variable_-_reportInterval": {
          "runAfter": {},
          "type": "InitializeVariable",
          "inputs": {
            "variables": [
              {
                "name": "reportInterval",
                "type": "string",
                "value": "30"
              }
            ]
          }
        },
        "Get_item_-_PowerAppReports_settings_record": {
          "runAfter": {
            "Initialize_variable_-_reportInterval": [
              "Succeeded"
            ]
          },
          "type": "OpenApiConnection",
          "inputs": {
            "parameters": {
              "dataset": "https://kumonixtech.sharepoint.com/sites/IntuneHRFlow22",
              "table": "868f7b94-2454-4abc-8d8d-c81cbb3fca5a",
              "id": 1
            },
            "host": {
              "apiId": "/providers/Microsoft.PowerApps/apis/shared_sharepointonline",
              "operationId": "GetItem",
              "connectionName": "shared_sharepointonline_1"
            }
          }
        },
        "Initialize_variable_-_lastTimeRun": {
          "runAfter": {
            "Get_item_-_PowerAppReports_settings_record": [
              "Succeeded"
            ]
          },
          "type": "InitializeVariable",
          "inputs": {
            "variables": [
              {
                "name": "LastTimeRun",
                "type": "string",
                "value": "@outputs('Get_item_-_PowerAppReports_settings_record')?['body/LastTimeRun']"
              }
            ]
          }
        },
        "Initialize_variable_-_tenantid": {
          "runAfter": {
            "Initialize_variable_-_lastTimeRun": [
              "Succeeded"
            ]
          },
          "type": "InitializeVariable",
          "inputs": {
            "variables": [
              {
                "name": "tenantid",
                "type": "string",
                "value": "a11b"
              }
            ]
          }
        },
        "Initialize_variable_-_client_id": {
          "runAfter": {
            "Initialize_variable_-_tenantid": [
              "Succeeded"
            ]
          },
          "type": "InitializeVariable",
          "inputs": {
            "variables": [
              {
                "name": "clientid",
                "type": "string",
                "value": "3674"
              }
            ]
          }
        },
        "Initialize_variable_-_appsecret": {
          "runAfter": {
            "Initialize_variable_-_client_id": [
              "Succeeded"
            ]
          },
          "type": "InitializeVariable",
          "inputs": {
            "variables": [
              {
                "name": "appsecret",
                "type": "string",
                "value": "Evs8Qa0G"
              }
            ]
          }
        },
        "Condition": {
          "actions": {
            "HTTP_-_get_Managed_Device_Overview": {
              "metadata": {
                "operationMetadataId": "8dc7f5fc-d7ee-495a-9c17-61239fb1d1f2"
              },
              "type": "Http",
              "inputs": {
                "uri": "https://graph.microsoft.com/v1.0/devicemanagement/ManagedDeviceOverview",
                "method": "GET",
                "authentication": {
                  "type": "ActiveDirectoryOAuth",
                  "authority": "https://login.windows.net",
                  "tenant": "@{variables('tenantid')}",
                  "audience": "https://graph.microsoft.com",
                  "clientId": "@{variables('clientid')}",
                  "secret": "@{variables('appsecret')}"
                }
              },
              "runtimeConfiguration": {
                "contentTransfer": {
                  "transferMode": "Chunked"
                }
              }
            },
            "Parse_JSON": {
              "runAfter": {
                "HTTP_-_get_Managed_Device_Overview": [
                  "Succeeded"
                ]
              },
              "metadata": {
                "operationMetadataId": "a020fc4c-3aa0-42d5-a53f-1ea8b956add7"
              },
              "type": "ParseJson",
              "inputs": {
                "content": "@body('HTTP_-_get_Managed_Device_Overview')",
                "schema": {
                  "type": "object",
                  "properties": {
                    "@@odata.context": {
                      "type": "string"
                    },
                    "id": {
                      "type": "string"
                    },
                    "enrolledDeviceCount": {
                      "type": "integer"
                    },
                    "mdmEnrolledCount": {
                      "type": "integer"
                    },
                    "dualEnrolledDeviceCount": {
                      "type": "integer"
                    },
                    "deviceOperatingSystemSummary": {
                      "type": "object",
                      "properties": {
                        "androidCount": {
                          "type": "integer"
                        },
                        "iosCount": {
                          "type": "integer"
                        },
                        "macOSCount": {
                          "type": "integer"
                        },
                        "windowsMobileCount": {
                          "type": "integer"
                        },
                        "windowsCount": {
                          "type": "integer"
                        },
                        "unknownCount": {
                          "type": "integer"
                        },
                        "androidDedicatedCount": {
                          "type": "integer"
                        },
                        "androidDeviceAdminCount": {
                          "type": "integer"
                        },
                        "androidFullyManagedCount": {
                          "type": "integer"
                        },
                        "androidWorkProfileCount": {
                          "type": "integer"
                        },
                        "androidCorporateWorkProfileCount": {
                          "type": "integer"
                        },
                        "configMgrDeviceCount": {
                          "type": "integer"
                        }
                      }
                    },
                    "deviceExchangeAccessStateSummary": {
                      "type": "object",
                      "properties": {
                        "allowedDeviceCount": {
                          "type": "integer"
                        },
                        "blockedDeviceCount": {
                          "type": "integer"
                        },
                        "quarantinedDeviceCount": {
                          "type": "integer"
                        },
                        "unknownDeviceCount": {
                          "type": "integer"
                        },
                        "unavailableDeviceCount": {
                          "type": "integer"
                        }
                      }
                    }
                  }
                }
              }
            },
            "HTTP-access_token": {
              "runAfter": {
                "Parse_JSON": [
                  "Succeeded"
                ]
              },
              "metadata": {
                "operationMetadataId": "fa728dff-fbc0-453f-9c6d-6173d764d07b"
              },
              "type": "Http",
              "inputs": {
                "uri": "https://login.microsoftonline.com/@{variables('tenantid')}/oauth2/v2.0/token",
                "method": "POST",
                "headers": {
                  "Content-Type": "application/x-www-form-urlencoded"
                },
                "body": "client_id=@{variables('clientid')}&scope=https://graph.microsoft.com/.default&client_secret=@{variables('appsecret')}&grant_type=client_credentials",
                "authentication": {
                  "type": "ActiveDirectoryOAuth",
                  "authority": "https://login.windows.net",
                  "tenant": "@{variables('tenantid')}",
                  "audience": "https://graph.microsoft.com",
                  "clientId": "@{variables('clientid')}",
                  "secret": "@{variables('appsecret')}"
                }
              },
              "runtimeConfiguration": {
                "contentTransfer": {
                  "transferMode": "Chunked"
                }
              }
            },
            "Parse_JSON_1": {
              "runAfter": {
                "HTTP-access_token": [
                  "Succeeded"
                ]
              },
              "metadata": {
                "operationMetadataId": "23edf87f-9af3-4c4a-979f-88d44ebb255f"
              },
              "type": "ParseJson",
              "inputs": {
                "content": "@body('HTTP-access_token')",
                "schema": {
                  "type": "object",
                  "properties": {
                    "token_type": {
                      "type": "string"
                    },
                    "expires_in": {
                      "type": "integer"
                    },
                    "ext_expires_in": {
                      "type": "integer"
                    },
                    "access_token": {
                      "type": "string"
                    }
                  }
                }
              }
            },
            "HTTP-device_compliance": {
              "runAfter": {
                "Parse_JSON_1": [
                  "Succeeded"
                ]
              },
              "metadata": {
                "operationMetadataId": "c861d1d9-2e3b-4fd2-af5f-9d9b929aaae1"
              },
              "type": "Http",
              "inputs": {
                "uri": "https://graph.microsoft.com/v1.0/deviceManagement/managedDevices",
                "method": "GET",
                "headers": {
                  "Authorization": "bearer @{body('Parse_JSON_1')?['access_token']}"
                },
                "authentication": {
                  "type": "ActiveDirectoryOAuth",
                  "authority": "https://login.windows.net",
                  "tenant": "@{variables('tenantid')}",
                  "audience": "https://graph.microsoft.com",
                  "clientId": "@{variables('clientid')}",
                  "secret": "@{variables('appsecret')}"
                }
              },
              "runtimeConfiguration": {
                "contentTransfer": {
                  "transferMode": "Chunked"
                }
              }
            },
            "Parse_JSON_2": {
              "runAfter": {
                "HTTP-device_compliance": [
                  "Succeeded"
                ]
              },
              "metadata": {
                "operationMetadataId": "b9d1194f-e6e7-4da9-8127-1e41e52f8b30"
              },
              "type": "ParseJson",
              "inputs": {
                "content": "@body('HTTP-device_compliance')",
                "schema": {
                  "type": "object",
                  "properties": {
                    "@@odata.context": {
                      "type": "string"
                    },
                    "@@odata.count": {
                      "type": "integer"
                    },
                    "value": {
                      "type": "array",
                      "items": {
                        "type": "object",
                        "properties": {
                          "id": {
                            "type": "string"
                          },
                          "userId": {
                            "type": "string"
                          },
                          "deviceName": {
                            "type": "string"
                          },
                          "managedDeviceOwnerType": {
                            "type": "string"
                          },
                          "enrolledDateTime": {
                            "type": "string"
                          },
                          "lastSyncDateTime": {
                            "type": "string"
                          },
                          "operatingSystem": {
                            "type": "string"
                          },
                          "complianceState": {
                            "type": "string"
                          },
                          "jailBroken": {
                            "type": "string"
                          },
                          "managementAgent": {
                            "type": "string"
                          },
                          "osVersion": {
                            "type": "string"
                          },
                          "easActivated": {
                            "type": "boolean"
                          },
                          "easDeviceId": {
                            "type": "string"
                          },
                          "easActivationDateTime": {
                            "type": "string"
                          },
                          "azureADRegistered": {
                            "type": "boolean"
                          },
                          "deviceEnrollmentType": {
                            "type": "string"
                          },
                          "activationLockBypassCode": {},
                          "emailAddress": {
                            "type": "string"
                          },
                          "azureADDeviceId": {
                            "type": "string"
                          },
                          "deviceRegistrationState": {
                            "type": "string"
                          },
                          "deviceCategoryDisplayName": {
                            "type": "string"
                          },
                          "isSupervised": {
                            "type": "boolean"
                          },
                          "exchangeLastSuccessfulSyncDateTime": {
                            "type": "string"
                          },
                          "exchangeAccessState": {
                            "type": "string"
                          },
                          "exchangeAccessStateReason": {
                            "type": "string"
                          },
                          "remoteAssistanceSessionUrl": {},
                          "remoteAssistanceSessionErrorDetails": {},
                          "isEncrypted": {
                            "type": "boolean"
                          },
                          "userPrincipalName": {
                            "type": "string"
                          },
                          "model": {
                            "type": "string"
                          },
                          "manufacturer": {
                            "type": "string"
                          },
                          "imei": {
                            "type": "string"
                          },
                          "complianceGracePeriodExpirationDateTime": {
                            "type": "string"
                          },
                          "serialNumber": {
                            "type": "string"
                          },
                          "phoneNumber": {
                            "type": "string"
                          },
                          "androidSecurityPatchLevel": {
                            "type": "string"
                          },
                          "userDisplayName": {
                            "type": "string"
                          },
                          "configurationManagerClientEnabledFeatures": {},
                          "wiFiMacAddress": {
                            "type": "string"
                          },
                          "deviceHealthAttestationState": {},
                          "subscriberCarrier": {
                            "type": "string"
                          },
                          "meid": {
                            "type": "string"
                          },
                          "totalStorageSpaceInBytes": {
                            "type": "integer"
                          },
                          "freeStorageSpaceInBytes": {
                            "type": "integer"
                          },
                          "managedDeviceName": {
                            "type": "string"
                          },
                          "partnerReportedThreatState": {
                            "type": "string"
                          },
                          "requireUserEnrollmentApproval": {},
                          "managementCertificateExpirationDate": {
                            "type": "string"
                          },
                          "iccid": {},
                          "udid": {},
                          "notes": {},
                          "ethernetMacAddress": {},
                          "physicalMemoryInBytes": {
                            "type": "integer"
                          },
                          "enrollmentProfileName": {},
                          "deviceActionResults": {
                            "type": "array"
                          }
                        },
                        "required": [
                          "id",
                          "userId",
                          "deviceName",
                          "managedDeviceOwnerType",
                          "enrolledDateTime",
                          "lastSyncDateTime",
                          "operatingSystem",
                          "complianceState",
                          "jailBroken",
                          "managementAgent",
                          "osVersion",
                          "easActivated",
                          "easDeviceId",
                          "easActivationDateTime",
                          "azureADRegistered",
                          "deviceEnrollmentType",
                          "activationLockBypassCode",
                          "emailAddress",
                          "azureADDeviceId",
                          "deviceRegistrationState",
                          "deviceCategoryDisplayName",
                          "isSupervised",
                          "exchangeLastSuccessfulSyncDateTime",
                          "exchangeAccessState",
                          "exchangeAccessStateReason",
                          "remoteAssistanceSessionUrl",
                          "remoteAssistanceSessionErrorDetails",
                          "isEncrypted",
                          "userPrincipalName",
                          "model",
                          "manufacturer",
                          "imei",
                          "complianceGracePeriodExpirationDateTime",
                          "serialNumber",
                          "phoneNumber",
                          "androidSecurityPatchLevel",
                          "userDisplayName",
                          "configurationManagerClientEnabledFeatures",
                          "wiFiMacAddress",
                          "deviceHealthAttestationState",
                          "subscriberCarrier",
                          "meid",
                          "totalStorageSpaceInBytes",
                          "freeStorageSpaceInBytes",
                          "managedDeviceName",
                          "partnerReportedThreatState",
                          "requireUserEnrollmentApproval",
                          "managementCertificateExpirationDate",
                          "iccid",
                          "udid",
                          "notes",
                          "ethernetMacAddress",
                          "physicalMemoryInBytes",
                          "enrollmentProfileName",
                          "deviceActionResults"
                        ]
                      }
                    }
                  }
                }
              }
            },
            "For_each": {
              "foreach": "@outputs('Parse_JSON_2')?['body']?['value']",
              "actions": {
                "Condition_-_Is_device_compliant": {
                  "actions": {
                    "Set_compliancecount": {
                      "runAfter": {
                        "Compose_add_1_to_compliancecount_": [
                          "Succeeded"
                        ]
                      },
                      "metadata": {
                        "operationMetadataId": "350aa415-75ce-48d5-8316-a704adb758f8"
                      },
                      "type": "SetVariable",
                      "inputs": {
                        "name": "Compliancecount",
                        "value": "@outputs('Compose_add_1_to_compliancecount_')"
                      }
                    },
                    "Compose_add_1_to_compliancecount_": {
                      "metadata": {
                        "operationMetadataId": "291d09b3-d8fb-45fc-b08f-92813101c22b"
                      },
                      "type": "Compose",
                      "inputs": "@int(add(variables('Compliancecount'), 1))"
                    }
                  },
                  "else": {
                    "actions": {
                      "Compose_add_1_to_non_compliancecount_": {
                        "metadata": {
                          "operationMetadataId": "691f8a76-322d-444d-8eb4-b03be8fc1892"
                        },
                        "type": "Compose",
                        "inputs": "@int(add(variables('NoncompliantDevices'), 1))"
                      },
                      "Set_noncompliancecount": {
                        "runAfter": {
                          "Compose_add_1_to_non_compliancecount_": [
                            "Succeeded"
                          ]
                        },
                        "metadata": {
                          "operationMetadataId": "f5841d1e-3855-48af-aed1-42a0b074f497"
                        },
                        "type": "SetVariable",
                        "inputs": {
                          "name": "NoncompliantDevices",
                          "value": "@outputs('Compose_add_1_to_non_compliancecount_')"
                        }
                      },
                      "Append_to_string_variable_ComplianceHTML": {
                        "runAfter": {
                          "Set_noncompliancecount": [
                            "Succeeded"
                          ]
                        },
                        "type": "AppendToStringVariable",
                        "inputs": {
                          "name": "HTMLComplianceMachines",
                          "value": "<div style=\"margin-left:10px; margin-right:10px; margin-top:5px; margin-bottom:15px; background-color:#53207D; padding:5px; border-radius:8px; color:white; width:auto; font-family:Arial, sans-serif;\">\n  <ul style=\"list-style:none; padding-left:0; font-size:20px; margin:0;\">\n    <li>⚠️ Non-Compliant Devices: <strong>@{item()?['deviceName']}</strong></li>\n  </ul>\n</div>"
                        }
                      }
                    }
                  },
                  "expression": {
                    "and": [
                      {
                        "equals": [
                          "@item()?['complianceState']",
                          "compliant"
                        ]
                      }
                    ]
                  },
                  "metadata": {
                    "operationMetadataId": "05119e71-3fd5-48ec-9fde-68d3d346b7c1"
                  },
                  "type": "If"
                }
              },
              "runAfter": {
                "Parse_JSON_2": [
                  "Succeeded"
                ]
              },
              "metadata": {
                "operationMetadataId": "e16ac122-3c38-4c67-bc8c-8db77d8dd121"
              },
              "type": "Foreach"
            },
            "Compose_-_create_html_for_email": {
              "runAfter": {
                "For_each": [
                  "Succeeded"
                ]
              },
              "type": "Compose",
              "inputs": "<!DOCTYPE html>\n<html lang=\"en\">\n<head>\n<meta charset=\"UTF-8\">\n<meta name=\"viewport\" content=\"width=device-width, initial-scale=1.0\">\n<title>Discovered and Managed Intune Applications report</title>\n<style>\nbody {\nfont-family: Arial, sans-serif;\nline-height: 1.6;\ncolor: #333;\n}\n.header, .footer {\nbackground-color: #180C5A;\ncolor: white;\ntext-align: center;\npadding: 10px;\n}\n.logo {\ndisplay: block;\nmargin: 0 auto;\nheight: 50px;\n}\n.content {\npadding: 20px;\n}\n.button {\ndisplay: inline-block;\nbackground-color: #180C5A;\ncolor: white;\npadding: 10px 20px;\ntext-decoration: none;\nborder-radius: 5px;\n}\n</style>\n</head>\n<body>\n<div class=\"header\">\n<font size=\"6\" color=\"white\"><B>IntuneAutomate Report</B></font>\n</div>\n<div class=\"content\">\n<p>\nHi,\n</p>\n<p>\nI am pleased to provide your latest report for Intune MDM devices:\n</p>\n<p><b>- Total enrolled devices: @{body('Parse_JSON')?['enrolledDeviceCount']}</b></p>\n<p><b>- MDM enrolled devices: @{body('Parse_JSON')?['mdmEnrolledCount']}</b></p>\n<b>Intune Operating System Summary</b>\n<p>- Windows:@{body('Parse_JSON')?['deviceOperatingSystemSummary']?['windowsCount']}</p>\n<p>- Android:@{body('Parse_JSON')?['deviceOperatingSystemSummary']?['androidCount']}</p>\n<p>- iOS:@{body('Parse_JSON')?['deviceOperatingSystemSummary']?['iosCount']}</p>\n<p>- macOS:@{body('Parse_JSON')?['deviceOperatingSystemSummary']?['macOSCount']}</p>\n<p><b>Additional device status</b></p>\n<p- blocked device count:@{body('Parse_JSON')?['deviceExchangeAccessStateSummary']?['blockedDeviceCount']}</p>\n<p>- quarentined device count:@{body('Parse_JSON')?['deviceExchangeAccessStateSummary']?['quarantinedDeviceCount']}</p>\n<p>Device Compliance</p>\n<p>- Compliant Devices: @{variables('Compliancecount')}</p>\n<p>- Non Compliant devices: @{variables('NoncompliantDevices')}<p>\n<p>Best Regards,\n\nYour HR Automation Team\n</p>\n</div>\n<div class=\"footer\">\n<p>&copy; [@{formatDateTime(utcNow(), 'yyyy')}] []. All rights reserved.</p>\n</div>\n</body>\n</html>"
            },
            "Append_to_string_htmlreport": {
              "runAfter": {
                "Compose_-_create_html_for_email": [
                  "Succeeded"
                ]
              },
              "type": "AppendToStringVariable",
              "inputs": {
                "name": "htmlreport",
                "value": "<div>\n<div style=\" padding:20px; background-color:#333333; font-family:Arial, sans-serif; color:#fff;\">\n </div>\n <div style=\"margin-left: 10px; margin-right:10px; margin-top:5px; margin-bottom:15px; background-color:#4D4D4D; padding:5px; border-radius:8px; color:white; width:auto\">\n    <h3 style=\"color:white; font-size:24px; margin-bottom:8px;\">🔒 Device Compliance</h3>\n    <ul style=\"list-style:none; padding-left:0; font-size:20px; margin:0;\">\n      <li>✔️ Compliant Devices: <strong>@{variables('Compliancecount')}</strong></li>\n      <li>⚠️ Non-Compliant Devices: <strong>@{variables('NoncompliantDevices')}</strong></li>\n    </ul>\n  </div>"
              }
            },
            "Compose_sharepoint_html": {
              "runAfter": {
                "Append_to_string_htmlreport": [
                  "Succeeded"
                ]
              },
              "type": "Compose",
              "inputs": "<div>\n<div style=\"padding:20px; background-color:#333333; font-family:Arial, sans-serif; color:#fff;\">\n </div>\n <div style=\"margin-top:20px; background-color:#4D4D4D; padding:12px; border-radius:10px; color:white;\">\n    <h3 style=\"color:white; font-size:18px; margin-bottom:8px;\">✅ Device Compliance</h3>\n    <ul style=\"list-style:none; padding-left:0; font-size:15px; margin:0;\">\n      <li>✔️ Compliant Devices: <strong>@{variables('Compliancecount')}</strong></li>\n      <li>⚠️ Non-Compliant Devices: <strong>@{variables('NoncompliantDevices')}</strong></li>\n    </ul>\n  </div>\n</div>"
            },
            "Send_an_email_to_MDM_manager": {
              "runAfter": {
                "Compose_sharepoint_html": [
                  "Succeeded"
                ]
              },
              "metadata": {
                "operationMetadataId": "83e2ec08-d0b5-4b12-a7e4-bc59526873a4"
              },
              "type": "OpenApiConnection",
              "inputs": {
                "parameters": {
                  "emailMessage/To": "@variables('ReportManager')",
                  "emailMessage/Subject": "Weekly MDM Device Report",
                  "emailMessage/Body": "<p class=\"editor-paragraph\">@{outputs('Compose_-_create_html_for_email')}</p>",
                  "emailMessage/Importance": "Normal"
                },
                "host": {
                  "apiId": "/providers/Microsoft.PowerApps/apis/shared_office365",
                  "operationId": "SendEmailV2",
                  "connectionName": "shared_office365_1"
                }
              }
            },
            "HTTP-access_token_1": {
              "runAfter": {
                "Send_an_email_to_MDM_manager": [
                  "Succeeded"
                ]
              },
              "metadata": {
                "operationMetadataId": "fa728dff-fbc0-453f-9c6d-6173d764d07b"
              },
              "type": "Http",
              "inputs": {
                "uri": "https://login.microsoftonline.com/@{variables('tenantid')}/oauth2/v2.0/token",
                "method": "POST",
                "headers": {
                  "Content-Type": "application/x-www-form-urlencoded"
                },
                "body": "client_id=@{variables('clientid')}&scope=https://graph.microsoft.com/.default&client_secret=@{variables('appsecret')}&grant_type=client_credentials",
                "authentication": {
                  "type": "ActiveDirectoryOAuth",
                  "authority": "https://login.windows.net",
                  "tenant": "@{variables('tenantid')}",
                  "audience": "https://graph.microsoft.com",
                  "clientId": "@{variables('clientid')}",
                  "secret": "@{variables('appsecret')}"
                }
              },
              "runtimeConfiguration": {
                "contentTransfer": {
                  "transferMode": "Chunked"
                }
              }
            },
            "Parse_JSON_3": {
              "runAfter": {
                "HTTP-access_token_1": [
                  "Succeeded"
                ]
              },
              "metadata": {
                "operationMetadataId": "23edf87f-9af3-4c4a-979f-88d44ebb255f"
              },
              "type": "ParseJson",
              "inputs": {
                "content": "@body('HTTP-access_token_1')",
                "schema": {
                  "type": "object",
                  "properties": {
                    "token_type": {
                      "type": "string"
                    },
                    "expires_in": {
                      "type": "integer"
                    },
                    "ext_expires_in": {
                      "type": "integer"
                    },
                    "access_token": {
                      "type": "string"
                    }
                  }
                }
              }
            },
            "HTTP-device_get_compliance_policies": {
              "runAfter": {
                "Parse_JSON_3": [
                  "Succeeded"
                ]
              },
              "metadata": {
                "operationMetadataId": "c861d1d9-2e3b-4fd2-af5f-9d9b929aaae1"
              },
              "type": "Http",
              "inputs": {
                "uri": "https://graph.microsoft.com/v1.0/deviceManagement/deviceCompliancePolicies",
                "method": "GET",
                "headers": {
                  "Authorization": "bearer @{body('Parse_JSON_1')?['access_token_1']}"
                },
                "authentication": {
                  "type": "ActiveDirectoryOAuth",
                  "authority": "https://login.windows.net",
                  "tenant": "@{variables('tenantid')}",
                  "audience": "https://graph.microsoft.com",
                  "clientId": "@{variables('clientid')}",
                  "secret": "@{variables('appsecret')}"
                }
              },
              "runtimeConfiguration": {
                "contentTransfer": {
                  "transferMode": "Chunked"
                }
              }
            },
            "Parse_JSON_4": {
              "runAfter": {
                "HTTP-device_get_compliance_policies": [
                  "Succeeded"
                ]
              },
              "type": "ParseJson",
              "inputs": {
                "content": "@body('HTTP-device_get_compliance_policies')",
                "schema": {
                  "type": "object",
                  "properties": {
                    "statusCode": {
                      "type": "integer"
                    },
                    "headers": {
                      "type": "object",
                      "properties": {
                        "Date": {
                          "type": "string"
                        },
                        "Cache-Control": {
                          "type": "string"
                        },
                        "Transfer-Encoding": {
                          "type": "string"
                        },
                        "Vary": {
                          "type": "string"
                        },
                        "Strict-Transport-Security": {
                          "type": "string"
                        },
                        "x-ms-islandgateway": {
                          "type": "string"
                        },
                        "x-ms-igw-tracking-id": {
                          "type": "string"
                        },
                        "mise-correlation-id": {
                          "type": "string"
                        },
                        "Request-Id": {
                          "type": "string"
                        },
                        "client-request-id": {
                          "type": "string"
                        },
                        "x-ms-ags-diagnostic": {
                          "type": "string"
                        },
                        "odata-version": {
                          "type": "string"
                        },
                        "Server-Timing": {
                          "type": "string"
                        },
                        "X-Content-Type-Options": {
                          "type": "string"
                        },
                        "x-ms-service-request-id": {
                          "type": "string"
                        },
                        "x-ms-correlation-id": {
                          "type": "string"
                        },
                        "x-ms-activity-vector": {
                          "type": "string"
                        },
                        "Content-Type": {
                          "type": "string"
                        },
                        "Content-Length": {
                          "type": "string"
                        }
                      }
                    },
                    "body": {
                      "type": "object",
                      "properties": {
                        "@@odata.context": {
                          "type": "string"
                        },
                        "value": {
                          "type": "array",
                          "items": {
                            "type": "object",
                            "properties": {
                              "@@odata.type": {
                                "type": "string"
                              },
                              "id": {
                                "type": "string"
                              },
                              "createdDateTime": {
                                "type": "string"
                              },
                              "description": {
                                "type": "string"
                              },
                              "lastModifiedDateTime": {
                                "type": "string"
                              },
                              "displayName": {
                                "type": "string"
                              },
                              "version": {
                                "type": "integer"
                              },
                              "passwordRequired": {
                                "type": "boolean"
                              },
                              "passwordBlockSimple": {
                                "type": "boolean"
                              },
                              "passwordRequiredToUnlockFromIdle": {
                                "type": "boolean"
                              },
                              "passwordMinutesOfInactivityBeforeLock": {
                                "type": "integer"
                              },
                              "passwordExpirationDays": {},
                              "passwordMinimumLength": {
                                "type": "integer"
                              },
                              "passwordMinimumCharacterSetCount": {},
                              "passwordRequiredType": {
                                "type": "string"
                              },
                              "passwordPreviousPasswordBlockCount": {},
                              "requireHealthyDeviceReport": {
                                "type": "boolean"
                              },
                              "osMinimumVersion": {
                                "type": "string"
                              },
                              "osMaximumVersion": {},
                              "mobileOsMinimumVersion": {},
                              "mobileOsMaximumVersion": {},
                              "earlyLaunchAntiMalwareDriverEnabled": {
                                "type": "boolean"
                              },
                              "bitLockerEnabled": {
                                "type": "boolean"
                              },
                              "secureBootEnabled": {
                                "type": "boolean"
                              },
                              "codeIntegrityEnabled": {
                                "type": "boolean"
                              },
                              "storageRequireEncryption": {
                                "type": "boolean"
                              }
                            },
                            "required": [
                              "id",
                              "createdDateTime",
                              "description",
                              "lastModifiedDateTime",
                              "displayName",
                              "version"
                            ]
                          }
                        }
                      }
                    }
                  }
                }
              }
            },
            "Apply_to_each": {
              "foreach": "@outputs('Parse_JSON_4')?['body']?['value']",
              "actions": {
                "Append_to_string_htmlreport2": {
                  "type": "AppendToStringVariable",
                  "inputs": {
                    "name": "htmlreport",
                    "value": " <div style=\"margin-left:10px; margin-right:10px; margin-top:5px;  margin-bottom:15px; background-color:#545454; padding:5px; border-radius:8px; color:white; width:auto\">\n    <h3 style=\"color:white; font-size:24px; margin-bottom:8px;\">✅ Compliance Policy</h3>\n    <ul style=\"list-style:none; padding-left:0; font-size:20px; margin:0;\">\n      <li>✔️ Intune Policy <strong>@{items('Apply_to_each')?['displayName']}</strong></li>\n    </ul>\n  </div>"
                  }
                }
              },
              "runAfter": {
                "Parse_JSON_4": [
                  "Succeeded"
                ]
              },
              "type": "Foreach"
            },
            "Append_to_string_htmlreport3": {
              "runAfter": {
                "Apply_to_each": [
                  "Succeeded"
                ]
              },
              "type": "AppendToStringVariable",
              "inputs": {
                "name": "htmlreport",
                "value": "</div>"
              }
            },
            "Create_item_-_add_a_power_app_report": {
              "runAfter": {
                "Append_to_string_htmlreport3": [
                  "Succeeded"
                ]
              },
              "type": "OpenApiConnection",
              "inputs": {
                "parameters": {
                  "dataset": "https://kumonixtech.sharepoint.com/sites/IntuneHRFlow22",
                  "table": "868f7b94-2454-4abc-8d8d-c81cbb3fca5a",
                  "item/HTMLreport": "@variables('htmlreport')",
                  "item/ReportType/Value": "Compliance",
                  "item/TotalEnrolled": "@body('Parse_JSON')?['enrolledDeviceCount']",
                  "item/MDMEnrolled": "@body('Parse_JSON')?['mdmEnrolledCount']",
                  "item/OSWindows": "@body('Parse_JSON')?['deviceOperatingSystemSummary']?['windowsCount']",
                  "item/OSMac": "@body('Parse_JSON')?['deviceOperatingSystemSummary']?['macOSCount']",
                  "item/OSAndroid": "@body('Parse_JSON')?['deviceOperatingSystemSummary']?['androidCount']",
                  "item/OSIphone": "@body('Parse_JSON')?['deviceOperatingSystemSummary']?['iosCount']",
                  "item/CompliantDevices": "@variables('Compliancecount')",
                  "item/NonCompliantDevices": "@variables('NoncompliantDevices')",
                  "item/NonComplianceHTML": "@variables('HTMLComplianceMachines')",
                  "item": {
                    "HTMLreport": "@{variables('htmlreport')}",
                    "ReportType": {
                      "Value": "Compliance"
                    },
                    "TotalEnrolled": "@body('Parse_JSON')?['enrolledDeviceCount']",
                    "MDMEnrolled": "@body('Parse_JSON')?['mdmEnrolledCount']",
                    "OSWindows": "@body('Parse_JSON')?['deviceOperatingSystemSummary']?['windowsCount']",
                    "OSMac": "@body('Parse_JSON')?['deviceOperatingSystemSummary']?['macOSCount']",
                    "OSAndroid": "@body('Parse_JSON')?['deviceOperatingSystemSummary']?['androidCount']",
                    "OSIphone": "@body('Parse_JSON')?['deviceOperatingSystemSummary']?['iosCount']",
                    "CompliantDevices": "@variables('Compliancecount')",
                    "NonCompliantDevices": "@variables('NoncompliantDevices')",
                    "NonComplianceHTML": "@{variables('HTMLComplianceMachines')}"
                  }
                },
                "host": {
                  "apiId": "/providers/Microsoft.PowerApps/apis/shared_sharepointonline",
                  "operationId": "PostItem",
                  "connectionName": "shared_sharepointonline_1"
                }
              }
            },
            "Update_item_-_update_settings_record_to_time_run": {
              "runAfter": {
                "Create_item_-_add_a_power_app_report": [
                  "Succeeded"
                ]
              },
              "type": "OpenApiConnection",
              "inputs": {
                "parameters": {
                  "dataset": "https://kumonixtech.sharepoint.com/sites/IntuneHRFlow22",
                  "table": "868f7b94-2454-4abc-8d8d-c81cbb3fca5a",
                  "id": 1,
                  "item/LastTimeRun": "@utcNow()"
                },
                "host": {
                  "apiId": "/providers/Microsoft.PowerApps/apis/shared_sharepointonline",
                  "operationId": "PatchItem",
                  "connectionName": "shared_sharepointonline_1"
                }
              }
            }
          },
          "runAfter": {
            "Initialize_ReportManager": [
              "Succeeded"
            ]
          },
          "else": {
            "actions": {}
          },
          "expression": {
            "and": [
              {
                "equals": [
                  "@\r\ngreaterOrEquals(\r\n  utcNow(),\r\n  addMinutes(\r\n    outputs('Get_item_-_PowerAppReports_settings_record')?['body/LastTimeRun'],\r\n    int(outputs('Get_item_-_PowerAppReports_settings_record')?['body/ReportInterval']?['Value'])\r\n  )\r\n)",
                  true
                ]
              }
            ]
          },
          "type": "If"
        }
      }
    },
    "templateName": null
  },
  "schemaVersion": "1.0.0.0"
}