{
  "properties": {
    "connectionReferences": {
      "shared_sharepointonline_1": {
        "runtimeSource": "embedded",
        "connection": {
          "connectionReferenceLogicalName": "cr23a_sharedsharepointonline_1d640"
        },
        "api": {
          "name": "shared_sharepointonline"
        }
      },
      "shared_office365_1": {
        "runtimeSource": "embedded",
        "connection": {
          "connectionReferenceLogicalName": "cr23a_sharedoffice365_54306"
        },
        "api": {
          "name": "shared_office365"
        }
      }
    },
    "definition": {
      "$schema": "https://schema.management.azure.com/providers/Microsoft.Logic/schemas/2016-06-01/workflowdefinition.json#",
      "contentVersion": "undefined",
      "parameters": {
        "$authentication": {
          "defaultValue": {},
          "type": "SecureObject"
        },
        "$connections": {
          "defaultValue": {},
          "type": "Object"
        }
      },
      "triggers": {
        "Recurrence": {
          "recurrence": {
            "frequency": "Minute",
            "interval": 30,
            "startTime": "2025-01-23T19:00:00Z",
            "timeZone": "GMT Standard Time"
          },
          "metadata": {
            "operationMetadataId": "4ee5e851-4886-48bc-aeeb-4a8546a97488"
          },
          "type": "Recurrence"
        }
      },
      "actions": {
        "Get_item_-_PowerAppReports_settings_record": {
          "runAfter": {
            "Initialize_variable_-_reportInterval": [
              "Succeeded"
            ]
          },
          "type": "OpenApiConnection",
          "inputs": {
            "parameters": {
              "dataset": "https://kumonixtech.sharepoint.com/sites/IntuneHRFlow22",
              "table": "868f7b94-2454-4abc-8d8d-c81cbb3fca5a",
              "id": 1
            },
            "host": {
              "apiId": "/providers/Microsoft.PowerApps/apis/shared_sharepointonline",
              "operationId": "GetItem",
              "connectionName": "shared_sharepointonline_1"
            }
          }
        },
        "Initialize_variable_-_reportInterval": {
          "runAfter": {},
          "type": "InitializeVariable",
          "inputs": {
            "variables": [
              {
                "name": "reportInterval",
                "type": "string",
                "value": "30"
              }
            ]
          }
        },
        "Set_variable_-_reportInterval": {
          "runAfter": {
            "Initialize_variable_-_lastTimeRun": [
              "Succeeded"
            ]
          },
          "type": "SetVariable",
          "inputs": {
            "name": "reportInterval",
            "value": "@outputs('Get_item_-_PowerAppReports_settings_record')?['body/ReportInterval']?['Value']"
          }
        },
        "Initialize_variable_-_lastTimeRun": {
          "runAfter": {
            "Get_item_-_PowerAppReports_settings_record": [
              "Succeeded"
            ]
          },
          "type": "InitializeVariable",
          "inputs": {
            "variables": [
              {
                "name": "LastTimeRun",
                "type": "string",
                "value": "@outputs('Get_item_-_PowerAppReports_settings_record')?['body/LastTimeRun']"
              }
            ]
          }
        },
        "Set_variable_-_LastTimeRun": {
          "runAfter": {
            "Set_variable_-_reportInterval": [
              "Succeeded"
            ]
          },
          "type": "SetVariable",
          "inputs": {
            "name": "LastTimeRun",
            "value": "@outputs('Get_item_-_PowerAppReports_settings_record')?['body/LastTimeRun']"
          }
        },
        "Condition": {
          "actions": {
            "HTTP_-_get_Managed_Device_Overview": {
              "metadata": {
                "operationMetadataId": "8dc7f5fc-d7ee-495a-9c17-61239fb1d1f2"
              },
              "type": "Http",
              "inputs": {
                "uri": "https://graph.microsoft.com/v1.0/devicemanagement/ManagedDeviceOverview",
                "method": "GET",
                "authentication": {
                  "type": "ActiveDirectoryOAuth",
                  "authority": "https://login.windows.net",
                  "tenant": "@{variables('tenantid')}",
                  "audience": "https://graph.microsoft.com",
                  "clientId": "@{variables('clientid')}",
                  "secret": "@{variables('appsecret')}"
                }
              },
              "runtimeConfiguration": {
                "contentTransfer": {
                  "transferMode": "Chunked"
                }
              }
            },
            "Parse_JSON": {
              "runAfter": {
                "HTTP_-_get_Managed_Device_Overview": [
                  "Succeeded"
                ]
              },
              "metadata": {
                "operationMetadataId": "a020fc4c-3aa0-42d5-a53f-1ea8b956add7"
              },
              "type": "ParseJson",
              "inputs": {
                "content": "@body('HTTP_-_get_Managed_Device_Overview')",
                "schema": {
                  "type": "object",
                  "properties": {
                    "@@odata.context": {
                      "type": "string"
                    },
                    "id": {
                      "type": "string"
                    },
                    "enrolledDeviceCount": {
                      "type": "integer"
                    },
                    "mdmEnrolledCount": {
                      "type": "integer"
                    },
                    "dualEnrolledDeviceCount": {
                      "type": "integer"
                    },
                    "deviceOperatingSystemSummary": {
                      "type": "object",
                      "properties": {
                        "androidCount": {
                          "type": "integer"
                        },
                        "iosCount": {
                          "type": "integer"
                        },
                        "macOSCount": {
                          "type": "integer"
                        },
                        "windowsMobileCount": {
                          "type": "integer"
                        },
                        "windowsCount": {
                          "type": "integer"
                        },
                        "unknownCount": {
                          "type": "integer"
                        },
                        "androidDedicatedCount": {
                          "type": "integer"
                        },
                        "androidDeviceAdminCount": {
                          "type": "integer"
                        },
                        "androidFullyManagedCount": {
                          "type": "integer"
                        },
                        "androidWorkProfileCount": {
                          "type": "integer"
                        },
                        "androidCorporateWorkProfileCount": {
                          "type": "integer"
                        },
                        "configMgrDeviceCount": {
                          "type": "integer"
                        }
                      }
                    },
                    "deviceExchangeAccessStateSummary": {
                      "type": "object",
                      "properties": {
                        "allowedDeviceCount": {
                          "type": "integer"
                        },
                        "blockedDeviceCount": {
                          "type": "integer"
                        },
                        "quarantinedDeviceCount": {
                          "type": "integer"
                        },
                        "unknownDeviceCount": {
                          "type": "integer"
                        },
                        "unavailableDeviceCount": {
                          "type": "integer"
                        }
                      }
                    }
                  }
                }
              }
            },
            "Set_variable_set_blocked_devices": {
              "runAfter": {
                "Parse_JSON": [
                  "Succeeded"
                ]
              },
              "type": "SetVariable",
              "inputs": {
                "name": "varBlockedDevices",
                "value": "@body('Parse_JSON')?['deviceExchangeAccessStateSummary']?['blockedDeviceCount']"
              }
            },
            "Set_variable_set_quarentined_devices_": {
              "runAfter": {
                "Set_variable_set_blocked_devices": [
                  "Succeeded"
                ]
              },
              "type": "SetVariable",
              "inputs": {
                "name": "varQuarantinedDevices",
                "value": "@body('Parse_JSON')?['deviceExchangeAccessStateSummary']?['quarantinedDeviceCount']"
              }
            },
            "HTTP-access_token": {
              "runAfter": {
                "Set_variable_set_quarentined_devices_": [
                  "Succeeded"
                ]
              },
              "metadata": {
                "operationMetadataId": "fa728dff-fbc0-453f-9c6d-6173d764d07b"
              },
              "type": "Http",
              "inputs": {
                "uri": "https://login.microsoftonline.com/@{variables('tenantid')}/oauth2/v2.0/token",
                "method": "POST",
                "headers": {
                  "Content-Type": "application/x-www-form-urlencoded"
                },
                "body": "client_id=@{variables('clientid')}&scope=https://graph.microsoft.com/.default&client_secret=@{variables('appsecret')}&grant_type=client_credentials",
                "authentication": {
                  "type": "ActiveDirectoryOAuth",
                  "authority": "https://login.windows.net",
                  "tenant": "@{variables('tenantid')}",
                  "audience": "https://graph.microsoft.com",
                  "clientId": "@{variables('clientid')}",
                  "secret": "@{variables('appsecret')}"
                }
              },
              "runtimeConfiguration": {
                "contentTransfer": {
                  "transferMode": "Chunked"
                }
              }
            },
            "Parse_JSON_1": {
              "runAfter": {
                "HTTP-access_token": [
                  "Succeeded"
                ]
              },
              "metadata": {
                "operationMetadataId": "23edf87f-9af3-4c4a-979f-88d44ebb255f"
              },
              "type": "ParseJson",
              "inputs": {
                "content": "@body('HTTP-access_token')",
                "schema": {
                  "type": "object",
                  "properties": {
                    "token_type": {
                      "type": "string"
                    },
                    "expires_in": {
                      "type": "integer"
                    },
                    "ext_expires_in": {
                      "type": "integer"
                    },
                    "access_token": {
                      "type": "string"
                    }
                  }
                }
              }
            },
            "HTTP-device_compliance": {
              "runAfter": {
                "Parse_JSON_1": [
                  "Succeeded"
                ]
              },
              "metadata": {
                "operationMetadataId": "c861d1d9-2e3b-4fd2-af5f-9d9b929aaae1"
              },
              "type": "Http",
              "inputs": {
                "uri": "https://graph.microsoft.com/v1.0/deviceManagement/managedDevices",
                "method": "GET",
                "headers": {
                  "Authorization": "bearer @{body('Parse_JSON_1')?['access_token']}"
                },
                "authentication": {
                  "type": "ActiveDirectoryOAuth",
                  "authority": "https://login.windows.net",
                  "tenant": "@{variables('tenantid')}",
                  "audience": "https://graph.microsoft.com",
                  "clientId": "@{variables('clientid')}",
                  "secret": "@{variables('appsecret')}"
                }
              },
              "runtimeConfiguration": {
                "contentTransfer": {
                  "transferMode": "Chunked"
                }
              }
            },
            "Parse_JSON_2": {
              "runAfter": {
                "HTTP-device_compliance": [
                  "Succeeded"
                ]
              },
              "metadata": {
                "operationMetadataId": "b9d1194f-e6e7-4da9-8127-1e41e52f8b30"
              },
              "type": "ParseJson",
              "inputs": {
                "content": "@body('HTTP-device_compliance')",
                "schema": {
                  "type": "object",
                  "properties": {
                    "@@odata.context": {
                      "type": "string"
                    },
                    "@@odata.count": {
                      "type": "integer"
                    },
                    "value": {
                      "type": "array",
                      "items": {
                        "type": "object",
                        "properties": {
                          "id": {
                            "type": "string"
                          },
                          "userId": {
                            "type": "string"
                          },
                          "deviceName": {
                            "type": "string"
                          },
                          "managedDeviceOwnerType": {
                            "type": "string"
                          },
                          "enrolledDateTime": {
                            "type": "string"
                          },
                          "lastSyncDateTime": {
                            "type": "string"
                          },
                          "operatingSystem": {
                            "type": "string"
                          },
                          "complianceState": {
                            "type": "string"
                          },
                          "jailBroken": {
                            "type": "string"
                          },
                          "managementAgent": {
                            "type": "string"
                          },
                          "osVersion": {
                            "type": "string"
                          },
                          "easActivated": {
                            "type": "boolean"
                          },
                          "easDeviceId": {
                            "type": "string"
                          },
                          "easActivationDateTime": {
                            "type": "string"
                          },
                          "azureADRegistered": {
                            "type": "boolean"
                          },
                          "deviceEnrollmentType": {
                            "type": "string"
                          },
                          "activationLockBypassCode": {},
                          "emailAddress": {
                            "type": "string"
                          },
                          "azureADDeviceId": {
                            "type": "string"
                          },
                          "deviceRegistrationState": {
                            "type": "string"
                          },
                          "deviceCategoryDisplayName": {
                            "type": "string"
                          },
                          "isSupervised": {
                            "type": "boolean"
                          },
                          "exchangeLastSuccessfulSyncDateTime": {
                            "type": "string"
                          },
                          "exchangeAccessState": {
                            "type": "string"
                          },
                          "exchangeAccessStateReason": {
                            "type": "string"
                          },
                          "remoteAssistanceSessionUrl": {},
                          "remoteAssistanceSessionErrorDetails": {},
                          "isEncrypted": {
                            "type": "boolean"
                          },
                          "userPrincipalName": {
                            "type": "string"
                          },
                          "model": {
                            "type": "string"
                          },
                          "manufacturer": {
                            "type": "string"
                          },
                          "imei": {
                            "type": "string"
                          },
                          "complianceGracePeriodExpirationDateTime": {
                            "type": "string"
                          },
                          "serialNumber": {
                            "type": "string"
                          },
                          "phoneNumber": {
                            "type": "string"
                          },
                          "androidSecurityPatchLevel": {
                            "type": "string"
                          },
                          "userDisplayName": {
                            "type": "string"
                          },
                          "configurationManagerClientEnabledFeatures": {},
                          "wiFiMacAddress": {
                            "type": "string"
                          },
                          "deviceHealthAttestationState": {},
                          "subscriberCarrier": {
                            "type": "string"
                          },
                          "meid": {
                            "type": "string"
                          },
                          "totalStorageSpaceInBytes": {
                            "type": "integer"
                          },
                          "freeStorageSpaceInBytes": {
                            "type": "integer"
                          },
                          "managedDeviceName": {
                            "type": "string"
                          },
                          "partnerReportedThreatState": {
                            "type": "string"
                          },
                          "requireUserEnrollmentApproval": {},
                          "managementCertificateExpirationDate": {
                            "type": "string"
                          },
                          "iccid": {},
                          "udid": {},
                          "notes": {},
                          "ethernetMacAddress": {},
                          "physicalMemoryInBytes": {
                            "type": "integer"
                          },
                          "enrollmentProfileName": {},
                          "deviceActionResults": {
                            "type": "array"
                          }
                        },
                        "required": [
                          "id",
                          "userId",
                          "deviceName",
                          "managedDeviceOwnerType",
                          "enrolledDateTime",
                          "lastSyncDateTime",
                          "operatingSystem",
                          "complianceState",
                          "jailBroken",
                          "managementAgent",
                          "osVersion",
                          "easActivated",
                          "easDeviceId",
                          "easActivationDateTime",
                          "azureADRegistered",
                          "deviceEnrollmentType",
                          "activationLockBypassCode",
                          "emailAddress",
                          "azureADDeviceId",
                          "deviceRegistrationState",
                          "deviceCategoryDisplayName",
                          "isSupervised",
                          "exchangeLastSuccessfulSyncDateTime",
                          "exchangeAccessState",
                          "exchangeAccessStateReason",
                          "remoteAssistanceSessionUrl",
                          "remoteAssistanceSessionErrorDetails",
                          "isEncrypted",
                          "userPrincipalName",
                          "model",
                          "manufacturer",
                          "imei",
                          "complianceGracePeriodExpirationDateTime",
                          "serialNumber",
                          "phoneNumber",
                          "androidSecurityPatchLevel",
                          "userDisplayName",
                          "configurationManagerClientEnabledFeatures",
                          "wiFiMacAddress",
                          "deviceHealthAttestationState",
                          "subscriberCarrier",
                          "meid",
                          "totalStorageSpaceInBytes",
                          "freeStorageSpaceInBytes",
                          "managedDeviceName",
                          "partnerReportedThreatState",
                          "requireUserEnrollmentApproval",
                          "managementCertificateExpirationDate",
                          "iccid",
                          "udid",
                          "notes",
                          "ethernetMacAddress",
                          "physicalMemoryInBytes",
                          "enrollmentProfileName",
                          "deviceActionResults"
                        ]
                      }
                    }
                  }
                }
              }
            },
            "Compose_-_total_enrolled": {
              "runAfter": {
                "Parse_JSON_2": [
                  "Succeeded"
                ]
              },
              "type": "Compose",
              "inputs": "@item()?['@odata.count']"
            },
            "For_each": {
              "foreach": "@outputs('Parse_JSON_2')?['body']?['value']",
              "actions": {
                "Condition_-_Is_device_compliant": {
                  "actions": {
                    "Set_compliancecount": {
                      "runAfter": {
                        "Compose_add_1_to_compliancecount_": [
                          "Succeeded"
                        ]
                      },
                      "metadata": {
                        "operationMetadataId": "350aa415-75ce-48d5-8316-a704adb758f8"
                      },
                      "type": "SetVariable",
                      "inputs": {
                        "name": "Compliancecount",
                        "value": "@outputs('Compose_add_1_to_compliancecount_')"
                      }
                    },
                    "Compose_add_1_to_compliancecount_": {
                      "metadata": {
                        "operationMetadataId": "291d09b3-d8fb-45fc-b08f-92813101c22b"
                      },
                      "type": "Compose",
                      "inputs": "@int(add(variables('Compliancecount'), 1))"
                    }
                  },
                  "else": {
                    "actions": {
                      "Compose_add_1_to_non_compliancecount_": {
                        "metadata": {
                          "operationMetadataId": "691f8a76-322d-444d-8eb4-b03be8fc1892"
                        },
                        "type": "Compose",
                        "inputs": "@int(add(variables('NoncompliantDevices'), 1))"
                      },
                      "Set_noncompliancecount": {
                        "runAfter": {
                          "Compose_add_1_to_non_compliancecount_": [
                            "Succeeded"
                          ]
                        },
                        "metadata": {
                          "operationMetadataId": "f5841d1e-3855-48af-aed1-42a0b074f497"
                        },
                        "type": "SetVariable",
                        "inputs": {
                          "name": "NoncompliantDevices",
                          "value": "@outputs('Compose_add_1_to_non_compliancecount_')"
                        }
                      }
                    }
                  },
                  "expression": {
                    "and": [
                      {
                        "equals": [
                          "@item()?['complianceState']",
                          "compliant"
                        ]
                      }
                    ]
                  },
                  "metadata": {
                    "operationMetadataId": "05119e71-3fd5-48ec-9fde-68d3d346b7c1"
                  },
                  "type": "If"
                },
                "Condition_mam_or_mdm": {
                  "actions": {
                    "Increment_MDMCOUNT": {
                      "type": "IncrementVariable",
                      "inputs": {
                        "name": "MDMManageddevice",
                        "value": 1
                      }
                    }
                  },
                  "runAfter": {
                    "Condition_-_Is_device_compliant": [
                      "Succeeded"
                    ]
                  },
                  "else": {
                    "actions": {
                      "Increment_variable_mamcount": {
                        "type": "IncrementVariable",
                        "inputs": {
                          "name": "MAMManageddevice",
                          "value": 1
                        }
                      }
                    }
                  },
                  "expression": {
                    "and": [
                      {
                        "equals": [
                          "@items('For_each')?['managedDeviceOwnerType']",
                          "company"
                        ]
                      }
                    ]
                  },
                  "type": "If"
                },
                "Switch": {
                  "runAfter": {
                    "Condition_mam_or_mdm": [
                      "Succeeded"
                    ]
                  },
                  "cases": {
                    "Case_win": {
                      "case": "Windows",
                      "actions": {
                        "Increment_variable_-_win": {
                          "type": "IncrementVariable",
                          "inputs": {
                            "name": "WinOS",
                            "value": 1
                          }
                        }
                      }
                    },
                    "Case_Android": {
                      "case": "Android",
                      "actions": {
                        "Increment_variable_-_win_1": {
                          "type": "IncrementVariable",
                          "inputs": {
                            "name": "AndroidOS",
                            "value": 1
                          }
                        }
                      }
                    },
                    "Case__macOS": {
                      "case": "macOS",
                      "actions": {
                        "Increment_variable_-_macos": {
                          "type": "IncrementVariable",
                          "inputs": {
                            "name": "macOS",
                            "value": 1
                          }
                        }
                      }
                    },
                    "Case__ios": {
                      "case": "iOS",
                      "actions": {
                        "Increment_variable_-_macos_1": {
                          "type": "IncrementVariable",
                          "inputs": {
                            "name": "iOS",
                            "value": 1
                          }
                        }
                      }
                    }
                  },
                  "default": {
                    "actions": {}
                  },
                  "expression": "@items('For_each')?['operatingSystem']",
                  "type": "Switch"
                }
              },
              "runAfter": {
                "Compose_-_total_enrolled": [
                  "Succeeded"
                ]
              },
              "metadata": {
                "operationMetadataId": "e16ac122-3c38-4c67-bc8c-8db77d8dd121"
              },
              "type": "Foreach"
            },
            "Compose_-_create_html_for_email": {
              "runAfter": {
                "For_each": [
                  "Succeeded"
                ]
              },
              "type": "Compose",
              "inputs": "<!DOCTYPE html>\n<html lang=\"en\">\n<head>\n<meta charset=\"UTF-8\">\n<meta name=\"viewport\" content=\"width=device-width, initial-scale=1.0\">\n<title>Intune Devices and Compliance report</title>\n<style>\nbody {\nfont-family: Arial, sans-serif;\nline-height: 1.6;\ncolor: #333;\n}\n.header, .footer {\nbackground-color: #180C5A;\ncolor: white;\ntext-align: center;\npadding: 10px;\n}\n.logo {\ndisplay: block;\nmargin: 0 auto;\nheight: 50px;\n}\n.content {\npadding: 20px;\n}\n.button {\ndisplay: inline-block;\nbackground-color: #180C5A;\ncolor: white;\npadding: 10px 20px;\ntext-decoration: none;\nborder-radius: 5px;\n}\n</style>\n</head>\n<body>\n<div class=\"header\">\n<font size=\"6\" color=\"white\"><B>IntuneAutomate Report</B></font>\n</div>\n<div class=\"content\">\n<p>\nHi,\n</p>\n<p>\nI am pleased to provide the latest report for Intune Intune registered devices and Compliance:\n</p>\n<p><b>- Total enrolled devices: @{body('Parse_JSON')?['enrolledDeviceCount']}</b></p>\n<p><b>- MDM enrolled devices: @{body('Parse_JSON')?['mdmEnrolledCount']}</b></p>\n<b>Intune Operating System Summary</b>\n<p>- Windows:@{body('Parse_JSON')?['deviceOperatingSystemSummary']?['windowsCount']}</p>\n<p>- Android:@{body('Parse_JSON')?['deviceOperatingSystemSummary']?['androidCount']}</p>\n<p>- iOS:@{body('Parse_JSON')?['deviceOperatingSystemSummary']?['iosCount']}</p>\n<p>- macOS:@{body('Parse_JSON')?['deviceOperatingSystemSummary']?['macOSCount']}</p>\n<p><b>Additional device status</b></p>\n<p- blocked device count:@{body('Parse_JSON')?['deviceExchangeAccessStateSummary']?['blockedDeviceCount']}</p>\n<p>- quarentined device count:@{body('Parse_JSON')?['deviceExchangeAccessStateSummary']?['quarantinedDeviceCount']}</p>\n<p>Device Compliance</p>\n<p>- Compliant Devices: @{variables('Compliancecount')}</p>\n<p>- Non Compliant devices: @{variables('NoncompliantDevices')}<p>\n\n</div>\n<div class=\"footer\">\n<p>&copy; [@{formatDateTime(utcNow(), 'yyyy')}]  All rights reserved.</p>\n</div>\n</body>\n</html>"
            },
            "Compose_sharepoint_html": {
              "runAfter": {
                "Compose_-_create_html_for_email": [
                  "Succeeded"
                ]
              },
              "type": "Compose",
              "inputs": "\n<div style=\"padding:20px; background-color:#06194a; font-family:Arial, sans-serif; color:#fff;\">\n  <div style=\"display:flex; flex-wrap:wrap; gap:20px; margin-top:20px;\">\n    <div style=\"flex:1; min-width:200px; background-color:#092162; padding:12px; border-radius:10px; color:white;\">\n      <h3 style=\"color:white; font-size:20px; margin-bottom:6px;\">📱 Personal Devices</h3>\n      <p style=\"font-size:24px; font-weight:bold; margin:0;\">@{variables('MAMManageddevice')}</p>\n    </div>\n    <div style=\"flex:1; min-width:200px; background-color:#092162; padding:12px; border-radius:10px; color:white;\">\n      <h3 style=\"color:white; font-size:18px; margin-bottom:6px;\">🔒 MDM Enrolled Devices</h3>\n      <p style=\"font-size:24px; font-weight:bold; margin:0;\">@{variables('MDMManageddevice')}</p>\n    </div>\n  </div>\n\n  <div style=\"margin-top:20px; background-color:#092162; padding:12px; border-radius:10px; color:white;\">\n    <h3 style=\"color:white; font-size:18px; margin-bottom:8px;\">🖥️ Operating System Summary</h3>\n    <ul style=\"list-style:none; padding-left:0; font-size:20px; margin:0;\">\n      <li>🪟 Windows: <strong>@{variables('WinOS')}</strong></li>\n      <li>🤖 Android: <strong>@{variables('AndroidOS')}</strong></li>\n      <li>🍎 iOS: <strong>@{variables('iOS')}</strong></li>\n      <li>💻 macOS: <strong>@{variables('macOS')}</strong></li>\n    </ul>\n  </div>\n\n  <div style=\"margin-top:20px; background-color:#092162; padding:12px; border-radius:10px; color:white;\">\n    <h3 style=\"color:white; font-size:18px; margin-bottom:8px;\">🚫 Additional Device Status</h3>\n    <ul style=\"list-style:none; padding-left:0; font-size:20px; margin:0;\">\n      <li>❌ Blocked Devices: <strong>@{variables('varBlockedDevices')}</strong></li>\n      <li>🛑 Quarantined Devices: <strong>@{variables('varQuarantinedDevices')}</strong></li>\n    </ul>\n  </div>\n\n\n</div>"
            },
            "Send_an_email_to_MDM_manager": {
              "runAfter": {
                "Compose_sharepoint_html": [
                  "Succeeded"
                ]
              },
              "metadata": {
                "operationMetadataId": "83e2ec08-d0b5-4b12-a7e4-bc59526873a4"
              },
              "type": "OpenApiConnection",
              "inputs": {
                "parameters": {
                  "emailMessage/To": "@variables('ReportManager')",
                  "emailMessage/Subject": "Weekly MDM Device Report",
                  "emailMessage/Body": "<p class=\"editor-paragraph\">@{outputs('Compose_-_create_html_for_email')}</p>",
                  "emailMessage/Importance": "Normal"
                },
                "host": {
                  "apiId": "/providers/Microsoft.PowerApps/apis/shared_office365",
                  "operationId": "SendEmailV2",
                  "connectionName": "shared_office365_1"
                }
              }
            },
            "Create_item_-_add_a_power_app_report": {
              "runAfter": {
                "Send_an_email_to_MDM_manager": [
                  "Succeeded"
                ]
              },
              "type": "OpenApiConnection",
              "inputs": {
                "parameters": {
                  "dataset": "https://kumonixtech.sharepoint.com/sites/IntuneHRFlow22",
                  "table": "868f7b94-2454-4abc-8d8d-c81cbb3fca5a",
                  "item/HTMLreport": "@outputs('Compose_sharepoint_html')",
                  "item/ReportType/Value": "Device",
                  "item/TotalEnrolled": "@body('Parse_JSON')?['enrolledDeviceCount']",
                  "item/MDMEnrolled": "@variables('MDMManageddevice')",
                  "item/OSWindows": "@variables('WinOS')",
                  "item/OSMac": "@variables('macOS')",
                  "item/OSAndroid": "@variables('AndroidOS')",
                  "item/OSIphone": "@variables('iOS')",
                  "item/CompliantDevices": "@variables('Compliancecount')",
                  "item/NonCompliantDevices": "@variables('NoncompliantDevices')",
                  "item": {
                    "HTMLreport": "@{outputs('Compose_sharepoint_html')}",
                    "ReportType": {
                      "Value": "Device"
                    },
                    "TotalEnrolled": "@body('Parse_JSON')?['enrolledDeviceCount']",
                    "MDMEnrolled": "@variables('MDMManageddevice')",
                    "OSWindows": "@variables('WinOS')",
                    "OSMac": "@variables('macOS')",
                    "OSAndroid": "@variables('AndroidOS')",
                    "OSIphone": "@variables('iOS')",
                    "CompliantDevices": "@variables('Compliancecount')",
                    "NonCompliantDevices": "@variables('NoncompliantDevices')"
                  }
                },
                "host": {
                  "apiId": "/providers/Microsoft.PowerApps/apis/shared_sharepointonline",
                  "operationId": "PostItem",
                  "connectionName": "shared_sharepointonline_1"
                }
              }
            },
            "Update_item_-_update_settings_record_to_time_run": {
              "runAfter": {
                "Create_item_-_add_a_power_app_report": [
                  "Succeeded"
                ]
              },
              "type": "OpenApiConnection",
              "inputs": {
                "parameters": {
                  "dataset": "https://kumonixtech.sharepoint.com/sites/IntuneHRFlow22",
                  "table": "868f7b94-2454-4abc-8d8d-c81cbb3fca5a",
                  "id": 1,
                  "item/LastTimeRun": "@utcNow()"
                },
                "host": {
                  "apiId": "/providers/Microsoft.PowerApps/apis/shared_sharepointonline",
                  "operationId": "PatchItem",
                  "connectionName": "shared_sharepointonline_1"
                }
              }
            }
          },
          "runAfter": {
            "Compose_1": [
              "Succeeded"
            ]
          },
          "else": {
            "actions": {}
          },
          "expression": {
            "and": [
              {
                "equals": [
                  "@\ngreaterOrEquals(\n  utcNow(),\n  addMinutes(\n    outputs('Get_item_-_PowerAppReports_settings_record')?['body/LastTimeRun'],\n    int(outputs('Get_item_-_PowerAppReports_settings_record')?['body/ReportInterval']?['Value'])\n  )\n)",
                  true
                ]
              },
              {
                "equals": [
                  "@bool(outputs('Get_item_-_PowerAppReports_settings_record')?['body/DeviceSettings']?['Value'])",
                  true
                ]
              }
            ]
          },
          "type": "If"
        },
        "Initialize_variable_-_tenantid": {
          "runAfter": {
            "Set_variable_-_LastTimeRun": [
              "Succeeded"
            ]
          },
          "type": "InitializeVariable",
          "inputs": {
            "variables": [
              {
                "name": "tenantid",
                "type": "string",
                "value": "a113748f9b0491b"
              }
            ]
          }
        },
        "Initialize_variable_-_client_id": {
          "runAfter": {
            "Initialize_variable_-_tenantid": [
              "Succeeded"
            ]
          },
          "type": "InitializeVariable",
          "inputs": {
            "variables": [
              {
                "name": "clientid",
                "type": "string",
                "value": "366ceee1-6959bff874"
              }
            ]
          }
        },
        "Initialize_variable_-_appsecret": {
          "runAfter": {
            "Initialize_variable_-_client_id": [
              "Succeeded"
            ]
          },
          "type": "InitializeVariable",
          "inputs": {
            "variables": [
              {
                "name": "appsecret",
                "type": "string",
                "value": "Evs8Qa0G"
              }
            ]
          }
        },
        "Initialize_compliantandnoncompliantdevicecount": {
          "runAfter": {
            "Initialize_variable_-_appsecret": [
              "Succeeded"
            ]
          },
          "metadata": {
            "operationMetadataId": "5e1a76f8-6da1-4f59-a79e-4125073eae4b"
          },
          "type": "InitializeVariable",
          "inputs": {
            "variables": [
              {
                "name": "compliantandnoncompliantdevicecount",
                "type": "integer",
                "value": 0
              }
            ]
          }
        },
        "Initialize_non_compliant_devices": {
          "runAfter": {
            "Initialize_compliantandnoncompliantdevicecount": [
              "Succeeded"
            ]
          },
          "metadata": {
            "operationMetadataId": "3837f388-0cf0-40b4-93e9-7717950bb244"
          },
          "type": "InitializeVariable",
          "inputs": {
            "variables": [
              {
                "name": "NoncompliantDevices",
                "type": "integer",
                "value": 0
              }
            ]
          }
        },
        "Initialize_variable_-_blocked_devices": {
          "runAfter": {
            "Initialize_non_compliant_devices": [
              "Succeeded"
            ]
          },
          "type": "InitializeVariable",
          "inputs": {
            "variables": [
              {
                "name": "varBlockedDevices",
                "type": "integer",
                "value": 0
              }
            ]
          }
        },
        "Initialize_variable_quarentined_devices": {
          "runAfter": {
            "Initialize_variable_-_blocked_devices": [
              "Succeeded"
            ]
          },
          "type": "InitializeVariable",
          "inputs": {
            "variables": [
              {
                "name": "varQuarantinedDevices",
                "type": "integer",
                "value": 0
              }
            ]
          }
        },
        "Initialize_compliant_device_count": {
          "runAfter": {
            "Initialize_variable_quarentined_devices": [
              "Succeeded"
            ]
          },
          "metadata": {
            "operationMetadataId": "98ae653d-1e72-4fe7-b8fa-445bb629724e"
          },
          "type": "InitializeVariable",
          "inputs": {
            "variables": [
              {
                "name": "Compliancecount",
                "type": "integer",
                "value": 0
              }
            ]
          }
        },
        "Initialize_ReportManager": {
          "runAfter": {
            "Initialize_compliant_device_count": [
              "Succeeded"
            ]
          },
          "metadata": {
            "operationMetadataId": "57c57730-8d99-47f7-bae5-1631c64f7717"
          },
          "type": "InitializeVariable",
          "inputs": {
            "variables": [
              {
                "name": "ReportManager",
                "type": "string",
                "value": "name@domain.com"
              }
            ]
          }
        },
        "Initialize_variable_-_mdm_managed": {
          "runAfter": {
            "Initialize_ReportManager": [
              "Succeeded"
            ]
          },
          "type": "InitializeVariable",
          "inputs": {
            "variables": [
              {
                "name": "MDMManageddevice",
                "type": "integer",
                "value": 0
              }
            ]
          }
        },
        "Initialize_variable_-_mam_managed_": {
          "runAfter": {
            "Initialize_variable_-_mdm_managed": [
              "Succeeded"
            ]
          },
          "type": "InitializeVariable",
          "inputs": {
            "variables": [
              {
                "name": "MAMManageddevice",
                "type": "integer",
                "value": 0
              }
            ]
          }
        },
        "Initialize_variable_-_winOS": {
          "runAfter": {
            "Initialize_variable_-_mam_managed_": [
              "Succeeded"
            ]
          },
          "type": "InitializeVariable",
          "inputs": {
            "variables": [
              {
                "name": "WinOS",
                "type": "integer",
                "value": 0
              }
            ]
          }
        },
        "Initialize_variable_-_AndroidOS": {
          "runAfter": {
            "Initialize_variable_-_winOS": [
              "Succeeded"
            ]
          },
          "type": "InitializeVariable",
          "inputs": {
            "variables": [
              {
                "name": "AndroidOS",
                "type": "integer",
                "value": 0
              }
            ]
          }
        },
        "Initialize_variable_-_macOS": {
          "runAfter": {
            "Initialize_variable_-_AndroidOS": [
              "Succeeded"
            ]
          },
          "type": "InitializeVariable",
          "inputs": {
            "variables": [
              {
                "name": "macOS",
                "type": "integer",
                "value": 0
              }
            ]
          }
        },
        "Initialize_variable_-_iOS": {
          "runAfter": {
            "Initialize_variable_-_macOS": [
              "Succeeded"
            ]
          },
          "type": "InitializeVariable",
          "inputs": {
            "variables": [
              {
                "name": "iOS",
                "type": "integer",
                "value": 0
              }
            ]
          }
        },
        "Compose": {
          "runAfter": {
            "Initialize_variable_-_iOS": [
              "Succeeded"
            ]
          },
          "type": "Compose",
          "inputs": "@addMinutes(outputs('Get_item_-_PowerAppReports_settings_record')?['body/LastTimeRun'], int(outputs('Get_item_-_PowerAppReports_settings_record')?['body/ReportInterval/Value']))"
        },
        "Compose_1": {
          "runAfter": {
            "Compose": [
              "Succeeded"
            ]
          },
          "type": "Compose",
          "inputs": "@utcNow()"
        }
      }
    },
    "templateName": null
  },
  "schemaVersion": "1.0.0.0"
}