{
  "properties": {
    "connectionReferences": {
      "shared_sharepointonline_1": {
        "runtimeSource": "embedded",
        "connection": {
          "connectionReferenceLogicalName": "cr23a_sharedsharepointonline_1d640"
        },
        "api": {
          "name": "shared_sharepointonline"
        }
      },
      "shared_sharepointonline-2": {
        "runtimeSource": "embedded",
        "connection": {
          "connectionReferenceLogicalName": "new_sharedsharepointonline_71081"
        },
        "api": {
          "name": "shared_sharepointonline"
        }
      }
    },
    "definition": {
      "$schema": "https://schema.management.azure.com/providers/Microsoft.Logic/schemas/2016-06-01/workflowdefinition.json#",
      "contentVersion": "undefined",
      "parameters": {
        "$authentication": {
          "defaultValue": {},
          "type": "SecureObject"
        },
        "$connections": {
          "defaultValue": {},
          "type": "Object"
        }
      },
      "triggers": {
        "Recurrence": {
          "recurrence": {
            "frequency": "Minute",
            "interval": 30,
            "startTime": "2025-01-23T19:00:00Z",
            "timeZone": "GMT Standard Time"
          },
          "metadata": {
            "operationMetadataId": "4ee5e851-4886-48bc-aeeb-4a8546a97488"
          },
          "type": "Recurrence"
        }
      },
      "actions": {
        "Initialize_ReportManager": {
          "runAfter": {
            "Initialize_compliant_device_count": [
              "Succeeded"
            ]
          },
          "metadata": {
            "operationMetadataId": "57c57730-8d99-47f7-bae5-1631c64f7717"
          },
          "type": "InitializeVariable",
          "inputs": {
            "variables": [
              {
                "name": "ReportManager",
                "type": "string",
                "value": "andy.jones@kumonix.com"
              }
            ]
          }
        },
        "Initialize_compliantandnoncompliantdevicecount": {
          "runAfter": {
            "Initialize_variable_-_configArray": [
              "Succeeded"
            ]
          },
          "metadata": {
            "operationMetadataId": "5e1a76f8-6da1-4f59-a79e-4125073eae4b"
          },
          "type": "InitializeVariable",
          "inputs": {
            "variables": [
              {
                "name": "compliantandnoncompliantdevicecount",
                "type": "integer",
                "value": 0
              }
            ]
          }
        },
        "Initialize_compliant_device_count": {
          "runAfter": {
            "Initialize_variable_-_androidcount": [
              "Succeeded"
            ]
          },
          "metadata": {
            "operationMetadataId": "98ae653d-1e72-4fe7-b8fa-445bb629724e"
          },
          "type": "InitializeVariable",
          "inputs": {
            "variables": [
              {
                "name": "Compliancecount",
                "type": "integer",
                "value": 0
              }
            ]
          }
        },
        "Initialize_variable-_ioscount": {
          "runAfter": {
            "Initialize_compliantandnoncompliantdevicecount": [
              "Succeeded"
            ]
          },
          "type": "InitializeVariable",
          "inputs": {
            "variables": [
              {
                "name": "ioscount",
                "type": "integer",
                "value": 0
              }
            ]
          }
        },
        "Initialize_variable_-_macoscount": {
          "runAfter": {
            "Initialize_variable-_ioscount": [
              "Succeeded"
            ]
          },
          "type": "InitializeVariable",
          "inputs": {
            "variables": [
              {
                "name": "macoscount",
                "type": "integer",
                "value": 0
              }
            ]
          }
        },
        "Initialize_variable_-_androidcount": {
          "runAfter": {
            "Initialize_variable_-_macoscount": [
              "Succeeded"
            ]
          },
          "type": "InitializeVariable",
          "inputs": {
            "variables": [
              {
                "name": "androidcount",
                "type": "integer",
                "value": 0
              }
            ]
          }
        },
        "Initialize_variable_-_configArray": {
          "runAfter": {
            "Initialize_variable_-_appsecret": [
              "Succeeded"
            ]
          },
          "type": "InitializeVariable",
          "inputs": {
            "variables": [
              {
                "name": "ComplianceArray",
                "type": "array"
              }
            ]
          }
        },
        "Initialize_variable_-_html_report": {
          "runAfter": {
            "Initialize_ReportManager": [
              "Succeeded"
            ]
          },
          "type": "InitializeVariable",
          "inputs": {
            "variables": [
              {
                "name": "htmlreport",
                "type": "string",
                "value": "<div style=\"padding:20px; background-color:#000000; font-family:Arial, sans-serif; color:#fff;\">\n  <div style=\"display:flex; flex-wrap:wrap; gap:20px; margin-top:20px;\">\n"
              }
            ]
          }
        },
        "Initialize_variable_-_reportInterval": {
          "runAfter": {},
          "type": "InitializeVariable",
          "inputs": {
            "variables": [
              {
                "name": "reportInterval",
                "type": "string",
                "value": "30"
              }
            ]
          }
        },
        "Get_item_-_PowerAppReports_settings_record": {
          "runAfter": {
            "Initialize_variable_-_reportInterval": [
              "Succeeded"
            ]
          },
          "type": "OpenApiConnection",
          "inputs": {
            "parameters": {
              "dataset": "https://kumonixtech.sharepoint.com/sites/IntuneHRFlow22",
              "table": "868f7b94-2454-4abc-8d8d-c81cbb3fca5a",
              "id": 1
            },
            "host": {
              "apiId": "/providers/Microsoft.PowerApps/apis/shared_sharepointonline",
              "operationId": "GetItem",
              "connectionName": "shared_sharepointonline_1"
            }
          }
        },
        "Initialize_variable_-_lastTimeRun": {
          "runAfter": {
            "Get_item_-_PowerAppReports_settings_record": [
              "Succeeded"
            ]
          },
          "type": "InitializeVariable",
          "inputs": {
            "variables": [
              {
                "name": "LastTimeRun",
                "type": "string",
                "value": "@outputs('Get_item_-_PowerAppReports_settings_record')?['body/LastTimeRun']"
              }
            ]
          }
        },
        "Initialize_variable_-_tenantid": {
          "runAfter": {
            "Initialize_variable_-_lastTimeRun": [
              "Succeeded"
            ]
          },
          "type": "InitializeVariable",
          "inputs": {
            "variables": [
              {
                "name": "tenantid",
                "type": "string",
                "value": "a11b"
              }
            ]
          }
        },
        "Initialize_variable_-_client_id": {
          "runAfter": {
            "Initialize_variable_-_tenantid": [
              "Succeeded"
            ]
          },
          "type": "InitializeVariable",
          "inputs": {
            "variables": [
              {
                "name": "clientid",
                "type": "string",
                "value": "36674"
              }
            ]
          }
        },
        "Initialize_variable_-_appsecret": {
          "runAfter": {
            "Initialize_variable_-_client_id": [
              "Succeeded"
            ]
          },
          "type": "InitializeVariable",
          "inputs": {
            "variables": [
              {
                "name": "appsecret",
                "type": "string",
                "value": "EvG"
              }
            ]
          }
        },
        "Condition": {
          "actions": {
            "HTTP-access_token": {
              "metadata": {
                "operationMetadataId": "fa728dff-fbc0-453f-9c6d-6173d764d07b"
              },
              "type": "Http",
              "inputs": {
                "uri": "https://login.microsoftonline.com/@{variables('tenantid')}/oauth2/v2.0/token",
                "method": "POST",
                "headers": {
                  "Content-Type": "application/x-www-form-urlencoded"
                },
                "body": "client_id=@{variables('clientid')}&scope=https://graph.microsoft.com/.default&client_secret=@{variables('appsecret')}&grant_type=client_credentials",
                "authentication": {
                  "type": "ActiveDirectoryOAuth",
                  "authority": "https://login.windows.net",
                  "tenant": "@{variables('tenantid')}",
                  "audience": "https://graph.microsoft.com",
                  "clientId": "@{variables('clientid')}",
                  "secret": "@{variables('appsecret')}"
                }
              },
              "runtimeConfiguration": {
                "contentTransfer": {
                  "transferMode": "Chunked"
                }
              }
            },
            "Parse_JSON_1": {
              "runAfter": {
                "HTTP-access_token": [
                  "Succeeded"
                ]
              },
              "metadata": {
                "operationMetadataId": "23edf87f-9af3-4c4a-979f-88d44ebb255f"
              },
              "type": "ParseJson",
              "inputs": {
                "content": "@body('HTTP-access_token')",
                "schema": {
                  "type": "object",
                  "properties": {
                    "token_type": {
                      "type": "string"
                    },
                    "expires_in": {
                      "type": "integer"
                    },
                    "ext_expires_in": {
                      "type": "integer"
                    },
                    "access_token": {
                      "type": "string"
                    }
                  }
                }
              }
            },
            "HTTP-device_configuration": {
              "runAfter": {
                "Parse_JSON_1": [
                  "Succeeded"
                ]
              },
              "metadata": {
                "operationMetadataId": "c861d1d9-2e3b-4fd2-af5f-9d9b929aaae1"
              },
              "type": "Http",
              "inputs": {
                "uri": "https://graph.microsoft.com/beta/deviceManagement/configurationPolicies",
                "method": "GET",
                "headers": {
                  "Authorization": "bearer @{body('Parse_JSON_1')?['access_token']}"
                },
                "authentication": {
                  "type": "ActiveDirectoryOAuth",
                  "authority": "https://login.windows.net",
                  "tenant": "@{variables('tenantid')}",
                  "audience": "https://graph.microsoft.com",
                  "clientId": "@{variables('clientid')}",
                  "secret": "@{variables('appsecret')}"
                }
              },
              "runtimeConfiguration": {
                "contentTransfer": {
                  "transferMode": "Chunked"
                }
              }
            },
            "Parse_JSON_2": {
              "runAfter": {
                "HTTP-device_configuration": [
                  "Succeeded"
                ]
              },
              "metadata": {
                "operationMetadataId": "b9d1194f-e6e7-4da9-8127-1e41e52f8b30"
              },
              "type": "ParseJson",
              "inputs": {
                "content": "@body('HTTP-device_configuration')",
                "schema": {
                  "type": "object",
                  "properties": {
                    "statusCode": {
                      "type": "integer"
                    },
                    "headers": {
                      "type": "object",
                      "properties": {
                        "Date": {
                          "type": "string"
                        },
                        "Cache-Control": {
                          "type": "string"
                        },
                        "Transfer-Encoding": {
                          "type": "string"
                        },
                        "Vary": {
                          "type": "string"
                        },
                        "Strict-Transport-Security": {
                          "type": "string"
                        },
                        "x-ms-islandgateway": {
                          "type": "string"
                        },
                        "x-ms-igw-tracking-id": {
                          "type": "string"
                        },
                        "mise-correlation-id": {
                          "type": "string"
                        },
                        "Request-Id": {
                          "type": "string"
                        },
                        "client-request-id": {
                          "type": "string"
                        },
                        "x-ms-ags-diagnostic": {
                          "type": "string"
                        },
                        "odata-version": {
                          "type": "string"
                        },
                        "Server-Timing": {
                          "type": "string"
                        },
                        "X-Content-Type-Options": {
                          "type": "string"
                        },
                        "x-ms-service-request-id": {
                          "type": "string"
                        },
                        "x-ms-correlation-id": {
                          "type": "string"
                        },
                        "x-ms-activity-vector": {
                          "type": "string"
                        },
                        "Content-Type": {
                          "type": "string"
                        },
                        "Content-Length": {
                          "type": "string"
                        }
                      }
                    },
                    "body": {
                      "type": "object",
                      "properties": {
                        "@@odata.context": {
                          "type": "string"
                        },
                        "@@odata.count": {
                          "type": "integer"
                        },
                        "value": {
                          "type": "array",
                          "items": {
                            "type": "object",
                            "properties": {
                              "createdDateTime": {
                                "type": "string"
                              },
                              "creationSource": {},
                              "description": {},
                              "lastModifiedDateTime": {
                                "type": "string"
                              },
                              "name": {
                                "type": "string"
                              },
                              "platforms": {
                                "type": "string"
                              },
                              "priorityMetaData": {},
                              "roleScopeTagIds": {
                                "type": "array",
                                "items": {
                                  "type": "string"
                                }
                              },
                              "settingCount": {
                                "type": "integer"
                              },
                              "technologies": {
                                "type": "string"
                              },
                              "id": {
                                "type": "string"
                              },
                              "templateReference": {
                                "type": "object",
                                "properties": {
                                  "templateId": {
                                    "type": "string"
                                  },
                                  "templateFamily": {
                                    "type": "string"
                                  },
                                  "templateDisplayName": {},
                                  "templateDisplayVersion": {}
                                }
                              }
                            },
                            "required": [
                              "createdDateTime",
                              "creationSource",
                              "description",
                              "lastModifiedDateTime",
                              "name",
                              "platforms",
                              "priorityMetaData",
                              "roleScopeTagIds",
                              "settingCount",
                              "technologies",
                              "id",
                              "templateReference"
                            ]
                          }
                        }
                      }
                    }
                  }
                }
              }
            },
            "For_each": {
              "foreach": "@outputs('Parse_JSON_2')?['body']?['value']",
              "actions": {
                "Condition_-_Is_platform_windows": {
                  "actions": {
                    "Set_compliancecount": {
                      "runAfter": {
                        "Compose_add_1_to_compliancecount_": [
                          "Succeeded"
                        ]
                      },
                      "metadata": {
                        "operationMetadataId": "350aa415-75ce-48d5-8316-a704adb758f8"
                      },
                      "type": "SetVariable",
                      "inputs": {
                        "name": "Compliancecount",
                        "value": "@outputs('Compose_add_1_to_compliancecount_')"
                      }
                    },
                    "Compose_add_1_to_compliancecount_": {
                      "metadata": {
                        "operationMetadataId": "291d09b3-d8fb-45fc-b08f-92813101c22b"
                      },
                      "type": "Compose",
                      "inputs": "@int(add(variables('Compliancecount'), 1))"
                    },
                    "Append_to_string_variable": {
                      "runAfter": {
                        "Set_compliancecount": [
                          "Succeeded"
                        ]
                      },
                      "type": "AppendToStringVariable",
                      "inputs": {
                        "name": "htmlreport",
                        "value": "    <div style=\"flex:1; min-width:200px; background-color:#FFAB00; padding:15px; border-radius:10px; color:white;\">\n<p style=\"color:black; font-size:22px; font-weight:bold;\">Intune Configuration Policy</p>\n      <p style=\"color:white; font-size:22px; font-weight:bold;\">@{items('For_each')?['name']}</p>\n <p style=\"color:black; font-size:15px; font-weight:bold;\">Platform:@{items('For_each')?['platforms']}</p>\n    </div>"
                      }
                    },
                    "Append_to_array_variable_1": {
                      "runAfter": {
                        "Append_to_string_variable": [
                          "Succeeded"
                        ]
                      },
                      "type": "AppendToArrayVariable",
                      "inputs": {
                        "name": "ComplianceArray",
                        "value": {
                          "PolicyName": "@items('For_each')?['name']"
                        }
                      }
                    }
                  },
                  "else": {
                    "actions": {}
                  },
                  "expression": {
                    "and": [
                      {
                        "equals": [
                          "@item()?['platforms']",
                          "windows10"
                        ]
                      }
                    ]
                  },
                  "metadata": {
                    "operationMetadataId": "05119e71-3fd5-48ec-9fde-68d3d346b7c1"
                  },
                  "type": "If"
                },
                "Condition_-_Is_platform_android": {
                  "actions": {
                    "Compose_add_1_to_androidcount__1": {
                      "metadata": {
                        "operationMetadataId": "291d09b3-d8fb-45fc-b08f-92813101c22b"
                      },
                      "type": "Compose",
                      "inputs": "@int(add(variables('androidcount'), 1))"
                    },
                    "Set_variable_androidcount": {
                      "runAfter": {
                        "Compose_add_1_to_androidcount__1": [
                          "Succeeded"
                        ]
                      },
                      "type": "SetVariable",
                      "inputs": {
                        "name": "androidcount",
                        "value": "@outputs('Compose_add_1_to_androidcount__1')"
                      }
                    },
                    "Append_to_string_variable_1": {
                      "runAfter": {
                        "Set_variable_androidcount": [
                          "Succeeded"
                        ]
                      },
                      "type": "AppendToStringVariable",
                      "inputs": {
                        "name": "htmlreport",
                        "value": "    <div style=\"flex:1; min-width:200px; background-color:#FFAB00; padding:15px; border-radius:10px; color:white;\">\n<p style=\"color:black; font-size:22px; font-weight:bold;\">Intune Configuration Policy</p>\n      <p style=\"color:white; font-size:22px; font-weight:bold;\">@{items('For_each')?['name']}</p>\n <p style=\"color:black; font-size:15px; font-weight:bold;\">Platform:@{items('For_each')?['platforms']}</p>\n    </div>"
                      }
                    },
                    "Append_to_array_variable_1_1": {
                      "runAfter": {
                        "Append_to_string_variable_1": [
                          "Succeeded"
                        ]
                      },
                      "type": "AppendToArrayVariable",
                      "inputs": {
                        "name": "ComplianceArray",
                        "value": {
                          "PolicyName": "@items('For_each')?['name']"
                        }
                      }
                    }
                  },
                  "runAfter": {
                    "Condition_-_Is_platform_windows": [
                      "Succeeded"
                    ]
                  },
                  "else": {
                    "actions": {}
                  },
                  "expression": {
                    "or": [
                      {
                        "equals": [
                          "@item()?['platforms']",
                          "android"
                        ]
                      },
                      {
                        "equals": [
                          "@item()?['platforms']",
                          "androidEnterprise"
                        ]
                      }
                    ]
                  },
                  "type": "If"
                },
                "Condition_-_Is_platfirm_mac": {
                  "actions": {
                    "Compose_add_1_to_macoscount__2": {
                      "metadata": {
                        "operationMetadataId": "291d09b3-d8fb-45fc-b08f-92813101c22b"
                      },
                      "type": "Compose",
                      "inputs": "@int(add(variables('macoscount'), 1))"
                    },
                    "Set_variable_macoscount": {
                      "runAfter": {
                        "Compose_add_1_to_macoscount__2": [
                          "Succeeded"
                        ]
                      },
                      "type": "SetVariable",
                      "inputs": {
                        "name": "macoscount",
                        "value": "@outputs('Compose_add_1_to_macoscount__2')"
                      }
                    },
                    "Append_to_string_variable_2": {
                      "runAfter": {
                        "Set_variable_macoscount": [
                          "Succeeded"
                        ]
                      },
                      "type": "AppendToStringVariable",
                      "inputs": {
                        "name": "htmlreport",
                        "value": "    <div style=\"flex:1; min-width:200px; background-color:#FFAB00; padding:15px; border-radius:10px; color:white;\">\n<p style=\"color:black; font-size:22px; font-weight:bold;\">Intune Configuration Policy</p>\n      <p style=\"color:white; font-size:22px; font-weight:bold;\">@{items('For_each')?['name']}</p>\n <p style=\"color:black; font-size:15px; font-weight:bold;\">Platform:@{items('For_each')?['platforms']}</p>\n    </div>"
                      }
                    },
                    "Append_to_array_variable_1_1_1": {
                      "runAfter": {
                        "Append_to_string_variable_2": [
                          "Succeeded"
                        ]
                      },
                      "type": "AppendToArrayVariable",
                      "inputs": {
                        "name": "ComplianceArray",
                        "value": {
                          "PolicyName": "@items('For_each')?['name']"
                        }
                      }
                    }
                  },
                  "runAfter": {
                    "Condition_-_Is_platform_android": [
                      "Succeeded"
                    ]
                  },
                  "else": {
                    "actions": {}
                  },
                  "expression": {
                    "and": [
                      {
                        "equals": [
                          "@item()?['platforms']",
                          "macOS"
                        ]
                      }
                    ]
                  },
                  "type": "If"
                },
                "Condition_-_Is_platform_ios": {
                  "actions": {
                    "Compose_add_1_to_ioscount__3": {
                      "metadata": {
                        "operationMetadataId": "291d09b3-d8fb-45fc-b08f-92813101c22b"
                      },
                      "type": "Compose",
                      "inputs": "@int(add(variables('ioscount'), 1))"
                    },
                    "Set_variable_ioscount": {
                      "runAfter": {
                        "Compose_add_1_to_ioscount__3": [
                          "Succeeded"
                        ]
                      },
                      "type": "SetVariable",
                      "inputs": {
                        "name": "ioscount",
                        "value": "@outputs('Compose_add_1_to_ioscount__3')"
                      }
                    },
                    "Append_to_string_variable_3": {
                      "runAfter": {
                        "Set_variable_ioscount": [
                          "Succeeded"
                        ]
                      },
                      "type": "AppendToStringVariable",
                      "inputs": {
                        "name": "htmlreport",
                        "value": "    <div style=\"flex:1; min-width:200px; background-color:#FFAB00; padding:15px; border-radius:10px; color:white;\">\n<p style=\"color:black; font-size:22px; font-weight:bold;\">Intune Configuration Policy</p>\n      <p style=\"color:white; font-size:22px; font-weight:bold;\">@{items('For_each')?['name']}</p>\n <p style=\"color:black; font-size:15px; font-weight:bold;\">Platform:@{items('For_each')?['platforms']}</p>\n    </div>"
                      }
                    },
                    "Append_to_array_variable_1_1_1_1": {
                      "runAfter": {
                        "Append_to_string_variable_3": [
                          "Succeeded"
                        ]
                      },
                      "type": "AppendToArrayVariable",
                      "inputs": {
                        "name": "ComplianceArray",
                        "value": {
                          "PolicyName": "@items('For_each')?['name']"
                        }
                      }
                    }
                  },
                  "runAfter": {
                    "Condition_-_Is_platfirm_mac": [
                      "Succeeded"
                    ]
                  },
                  "else": {
                    "actions": {}
                  },
                  "expression": {
                    "and": [
                      {
                        "equals": [
                          "@item()?['platforms']",
                          "iOS"
                        ]
                      }
                    ]
                  },
                  "type": "If"
                }
              },
              "runAfter": {
                "Parse_JSON_2": [
                  "Succeeded"
                ]
              },
              "metadata": {
                "operationMetadataId": "e16ac122-3c38-4c67-bc8c-8db77d8dd121"
              },
              "type": "Foreach"
            },
            "Append_to_string_variable_4": {
              "runAfter": {
                "For_each": [
                  "Succeeded"
                ]
              },
              "type": "AppendToStringVariable",
              "inputs": {
                "name": "htmlreport",
                "value": "\n  </div>\n\n</div>"
              }
            },
            "Compose_Convert_array_to_string": {
              "runAfter": {
                "Append_to_string_variable_4": [
                  "Succeeded"
                ]
              },
              "type": "Compose",
              "inputs": "@string(variables('ComplianceArray'))"
            },
            "Create_item_-_add_a_power_app_report": {
              "runAfter": {
                "Compose_Convert_array_to_string": [
                  "Succeeded"
                ]
              },
              "type": "OpenApiConnection",
              "inputs": {
                "parameters": {
                  "dataset": "https://kumonixtech.sharepoint.com/sites/IntuneHRFlow22",
                  "table": "868f7b94-2454-4abc-8d8d-c81cbb3fca5a",
                  "item/HTMLreport": "@variables('htmlreport')",
                  "item/ReportType/Value": "Config",
                  "item/WinConfigPolicies": "@variables('Compliancecount')",
                  "item/iOSConfigPolicies": "@variables('ioscount')",
                  "item/AndroidConfigPolicies": "@variables('androidcount')",
                  "item/maOSConfigPolicies": "@variables('macoscount')",
                  "item/CompliancePolicies": "@outputs('Compose_Convert_array_to_string')",
                  "item": {
                    "HTMLreport": "@{variables('htmlreport')}",
                    "ReportType": {
                      "Value": "Config"
                    },
                    "AndroidConfigPolicies": "@variables('androidcount')",
                    "iOSConfigPolicies": "@variables('ioscount')",
                    "WinConfigPolicies": "@variables('Compliancecount')",
                    "maOSConfigPolicies": "@variables('macoscount')",
                    "CompliancePolicies": "@outputs('Compose_Convert_array_to_string')"
                  }
                },
                "host": {
                  "apiId": "/providers/Microsoft.PowerApps/apis/shared_sharepointonline",
                  "operationId": "PostItem",
                  "connectionName": "shared_sharepointonline-2"
                }
              }
            },
            "Update_item_-_update_settings_record_to_time_run": {
              "runAfter": {
                "Create_item_-_add_a_power_app_report": [
                  "Succeeded"
                ]
              },
              "type": "OpenApiConnection",
              "inputs": {
                "parameters": {
                  "dataset": "https://kumonixtech.sharepoint.com/sites/IntuneHRFlow22",
                  "table": "868f7b94-2454-4abc-8d8d-c81cbb3fca5a",
                  "id": 1,
                  "item/LastTimeRun": "@utcNow()"
                },
                "host": {
                  "apiId": "/providers/Microsoft.PowerApps/apis/shared_sharepointonline",
                  "operationId": "PatchItem",
                  "connectionName": "shared_sharepointonline_1"
                }
              }
            }
          },
          "runAfter": {
            "Initialize_variable_-_html_report": [
              "Succeeded"
            ]
          },
          "else": {
            "actions": {}
          },
          "expression": {
            "and": [
              {
                "equals": [
                  "@\r\ngreaterOrEquals(\r\n  utcNow(),\r\n  addMinutes(\r\n    outputs('Get_item_-_PowerAppReports_settings_record')?['body/LastTimeRun'],\r\n    int(outputs('Get_item_-_PowerAppReports_settings_record')?['body/ReportInterval']?['Value'])\r\n  )\r\n)",
                  true
                ]
              },
              {
                "equals": [
                  "@bool(outputs('Get_item_-_PowerAppReports_settings_record')?['body/ConfigSettings']?['Value'])",
                  true
                ]
              }
            ]
          },
          "type": "If"
        }
      }
    },
    "templateName": null
  },
  "schemaVersion": "1.0.0.0"
}