{
  "properties": {
    "connectionReferences": {
      "shared_sharepointonline_1": {
        "runtimeSource": "embedded",
        "connection": {
          "connectionReferenceLogicalName": "cr23a_sharedsharepointonline_1d640"
        },
        "api": {
          "name": "shared_sharepointonline"
        }
      },
      "shared_office365_1": {
        "runtimeSource": "embedded",
        "connection": {
          "connectionReferenceLogicalName": "cr23a_sharedoffice365_54306"
        },
        "api": {
          "name": "shared_office365"
        }
      }
    },
    "definition": {
      "$schema": "https://schema.management.azure.com/providers/Microsoft.Logic/schemas/2016-06-01/workflowdefinition.json#",
      "contentVersion": "undefined",
      "parameters": {
        "$authentication": {
          "defaultValue": {},
          "type": "SecureObject"
        },
        "$connections": {
          "defaultValue": {},
          "type": "Object"
        }
      },
      "triggers": {
        "Recurrence": {
          "recurrence": {
            "frequency": "Minute",
            "interval": 30,
            "startTime": "2025-02-17T10:00:00Z"
          },
          "metadata": {
            "operationMetadataId": "7385d0c6-41fa-4187-80dc-995d522b6222"
          },
          "type": "Recurrence"
        }
      },
      "actions": {
        "Initialize_variable_-__prepaidUnits-warning": {
          "runAfter": {
            "Initialize_variable_-_prepaidUnits-suspended": [
              "Succeeded"
            ]
          },
          "metadata": {
            "operationMetadataId": "a08068ae-fc94-4941-ab14-04fb20f88206"
          },
          "type": "InitializeVariable",
          "inputs": {
            "variables": [
              {
                "name": " prepaidUnits-warning",
                "type": "integer"
              }
            ]
          }
        },
        "Initialize_variable_-__prepaidUnits-lockedOut": {
          "runAfter": {
            "Initialize_variable_-__prepaidUnits-warning": [
              "Succeeded"
            ]
          },
          "metadata": {
            "operationMetadataId": "e0e2d145-5978-425c-81e3-8717654a2e21"
          },
          "type": "InitializeVariable",
          "inputs": {
            "variables": [
              {
                "name": " prepaidUnits-lockedOut",
                "type": "integer"
              }
            ]
          }
        },
        "Initialize_variable_-_consumedUnits": {
          "runAfter": {
            "Initialize_variable_-_skuPartnerNumer": [
              "Succeeded"
            ]
          },
          "metadata": {
            "operationMetadataId": "e14e2387-dc07-4971-a634-1b4a8494fe6f"
          },
          "type": "InitializeVariable",
          "inputs": {
            "variables": [
              {
                "name": "consumedUnits",
                "type": "integer"
              }
            ]
          }
        },
        "Initialize_variable_-_skuPartnerNumer": {
          "runAfter": {
            "Initialize_variable_-_reportAudience": [
              "Succeeded"
            ]
          },
          "metadata": {
            "operationMetadataId": "ac048f1b-ba7f-43f4-90f7-e42e173049d7"
          },
          "type": "InitializeVariable",
          "inputs": {
            "variables": [
              {
                "name": "skuPartnerNumer",
                "type": "string"
              }
            ]
          }
        },
        "Initialize_variable_-_prepaidUnits-suspended": {
          "runAfter": {
            "Initialize_variable_-_prepaidUnits-enabled": [
              "Succeeded"
            ]
          },
          "metadata": {
            "operationMetadataId": "3c69502f-421c-4a0a-b393-9f2623cf5d94"
          },
          "type": "InitializeVariable",
          "inputs": {
            "variables": [
              {
                "name": "prepaidUnits-suspended",
                "type": "integer"
              }
            ]
          }
        },
        "Initialize_variable_-_prepaidUnits-enabled": {
          "runAfter": {
            "Initialize_variable_-_consumedUnits": [
              "Succeeded"
            ]
          },
          "metadata": {
            "operationMetadataId": "bd1f6d63-b966-44be-bce3-8ce71f07cfb5"
          },
          "type": "InitializeVariable",
          "inputs": {
            "variables": [
              {
                "name": "prepaidUnits-Enabled",
                "type": "integer"
              }
            ]
          }
        },
        "Initialize_variable_-_skuCount": {
          "runAfter": {
            "Set_variable_-_Emailbody_2": [
              "Succeeded"
            ]
          },
          "metadata": {
            "operationMetadataId": "10746e8f-f5c8-4ccb-abcd-051bc1e19248"
          },
          "type": "InitializeVariable",
          "inputs": {
            "variables": [
              {
                "name": "skuCount",
                "type": "integer",
                "value": 0
              }
            ]
          }
        },
        "Initialize_variable_skuCountUp": {
          "runAfter": {
            "Initialize_variable_colorPallette": [
              "Succeeded"
            ]
          },
          "metadata": {
            "operationMetadataId": "ca48085c-d7d4-4edc-b9f0-414b35e4b5d7"
          },
          "type": "InitializeVariable",
          "inputs": {
            "variables": [
              {
                "name": "skuCountUp",
                "type": "integer"
              }
            ]
          }
        },
        "Initialize_variable_-_reportAudience": {
          "runAfter": {
            "Initialize_variable_-_Email_body2": [
              "Succeeded"
            ]
          },
          "metadata": {
            "operationMetadataId": "e9253a4e-5034-405f-a09a-6500f10a34b8"
          },
          "type": "InitializeVariable",
          "inputs": {
            "variables": [
              {
                "name": "reportAudience",
                "type": "string"
              }
            ]
          }
        },
        "Initialize_variable_-_Email_body2": {
          "runAfter": {
            "Initialize_variable_-_appsecret": [
              "Succeeded"
            ]
          },
          "type": "InitializeVariable",
          "inputs": {
            "variables": [
              {
                "name": "Emailbody2",
                "type": "string"
              }
            ]
          }
        },
        "Set_variable_-_Emailbody_2": {
          "runAfter": {
            "Initialize_variable_-__prepaidUnits-lockedOut": [
              "Succeeded"
            ]
          },
          "type": "SetVariable",
          "inputs": {
            "name": "Emailbody2",
            "value": "<!DOCTYPE html>\n<html lang=\"en\">\n<head>\n  <meta charset=\"UTF-8\">\n  <meta name=\"viewport\" content=\"width=device-width, initial-scale=1.0\">\n  <title>Welcome Email</title>\n  <style>\n    body {\n      font-family: Arial, sans-serif;\n      line-height: 1.6;\n      color: #333;\n    }\n    .header, .footer {\n      background-color: #180C5A;\n      color: white;\n      text-align: center;\n      padding: 10px;\n    }\n    .logo {\n      display: block;\n      margin: 0 auto;\n      height: 50px;\n    }\n    .content {\n      padding: 20px;\n    }\n    .button {\n      display: inline-block;\n      background-color: #4CAF50;\n      color: white;\n      padding: 10px 20px;\n      text-decoration: none;\n      border-radius: 5px;\n    }\n  </style>\n</head>\n<body>\n  <div class=\"header\">\n<font size=\"6\" color=\"white\"><B>IntuneAutomate Report</B></font>\n  </div>\n  <div class=\"content\">\n    <h2>Here's your Latest License report : </h2>\n    <p>\n\n   \n"
          }
        },
        "Initialize_variable_-_sharepoint_html_body": {
          "runAfter": {
            "Initialize_variable_-_chipIndex": [
              "Succeeded"
            ]
          },
          "type": "InitializeVariable",
          "inputs": {
            "variables": [
              {
                "name": "SharepointHTMLBody",
                "type": "string",
                "value": "<div style='font-family:Segoe UI, Arial, sans-serif; background-color:#4a0d0d; color:#FFFFFF; margin:0;'>\n\n  <!-- Body -->\n  <div style='padding:15px;'>\n    <!-- Card Container -->\n    <div style='display:flex; flex-wrap:wrap; justify-content:space-between;'>"
              }
            ]
          }
        },
        "Initialize_variable_colorPallette": {
          "runAfter": {
            "Initialize_variable_-_skuCount": [
              "Succeeded"
            ]
          },
          "type": "InitializeVariable",
          "inputs": {
            "variables": [
              {
                "name": "colorPalette",
                "type": "array",
                "value": [
                  "#e3f2fd",
                  "#fff3e0",
                  "#e8f5e9",
                  "#fce4ec",
                  "#ede7f6",
                  "#e0f7fa",
                  "#fffde7"
                ]
              }
            ]
          }
        },
        "Initialize_variable_colorPalette": {
          "runAfter": {
            "Initialize_variable_skuCountUp": [
              "Succeeded"
            ]
          },
          "type": "InitializeVariable",
          "inputs": {
            "variables": [
              {
                "name": "coloPalette",
                "type": "array",
                "value": [
                  "#e91e63",
                  "#9c27b0",
                  "#ff5722",
                  "#00bcd4",
                  "#673ab7",
                  "#ff9800",
                  "#4caf50"
                ]
              }
            ]
          }
        },
        "Initialize_variable_-_appChips": {
          "runAfter": {
            "Initialize_variable_colorPalette": [
              "Succeeded"
            ]
          },
          "type": "InitializeVariable",
          "inputs": {
            "variables": [
              {
                "name": "appChips",
                "type": "string",
                "value": "\" \""
              }
            ]
          }
        },
        "Initialize_variable_-_chipIndex": {
          "runAfter": {
            "Initialize_variable_-_appChips": [
              "Succeeded"
            ]
          },
          "type": "InitializeVariable",
          "inputs": {
            "variables": [
              {
                "name": "chipIndex",
                "type": "integer",
                "value": 0
              }
            ]
          }
        },
        "Initialize_variable_-_reportInterval": {
          "runAfter": {
            "Initialize_ReportManager": [
              "Succeeded"
            ]
          },
          "type": "InitializeVariable",
          "inputs": {
            "variables": [
              {
                "name": "reportInterval",
                "type": "string",
                "value": "30"
              }
            ]
          }
        },
        "Initialize_variable_-_lastTimeRun": {
          "runAfter": {
            "Get_item_-_PowerAppReports_settings_record": [
              "Succeeded"
            ]
          },
          "type": "InitializeVariable",
          "inputs": {
            "variables": [
              {
                "name": "LastTimeRun",
                "type": "string",
                "value": "@outputs('Get_item_-_PowerAppReports_settings_record')?['body/LastTimeRun']"
              }
            ]
          }
        },
        "Get_item_-_PowerAppReports_settings_record": {
          "runAfter": {
            "Initialize_variable_-_reportInterval": [
              "Succeeded"
            ]
          },
          "type": "OpenApiConnection",
          "inputs": {
            "parameters": {
              "dataset": "https://kumonixtech.sharepoint.com/sites/IntuneHRFlow22",
              "table": "868f7b94-2454-4abc-8d8d-c81cbb3fca5a",
              "id": 125
            },
            "host": {
              "apiId": "/providers/Microsoft.PowerApps/apis/shared_sharepointonline",
              "operationId": "GetItem",
              "connectionName": "shared_sharepointonline_1"
            }
          }
        },
        "Initialize_variable_-_tenantid": {
          "runAfter": {
            "Initialize_variable_-_lastTimeRun": [
              "Succeeded"
            ]
          },
          "type": "InitializeVariable",
          "inputs": {
            "variables": [
              {
                "name": "tenantid",
                "type": "string",
                "value": "a191b"
              }
            ]
          }
        },
        "Initialize_variable_-_client_id": {
          "runAfter": {
            "Initialize_variable_-_tenantid": [
              "Succeeded"
            ]
          },
          "type": "InitializeVariable",
          "inputs": {
            "variables": [
              {
                "name": "clientid",
                "type": "string",
                "value": "3674"
              }
            ]
          }
        },
        "Initialize_variable_-_appsecret": {
          "runAfter": {
            "Initialize_variable_-_client_id": [
              "Succeeded"
            ]
          },
          "type": "InitializeVariable",
          "inputs": {
            "variables": [
              {
                "name": "appsecret",
                "type": "string",
                "value": "Evs80G"
              }
            ]
          }
        },
        "Condition": {
          "actions": {
            "HTTP_-_Access_token": {
              "metadata": {
                "operationMetadataId": "3741ca3a-d12d-4b47-a1ba-1d09fc763352"
              },
              "type": "Http",
              "inputs": {
                "uri": "https://login.microsoftonline.com/@{variables('tenantid')}/oauth2/v2.0/token",
                "method": "POST",
                "headers": {
                  "Content-Type": "application/x-www-form-urlencoded"
                },
                "body": "client_id=@{variables('clientid')}&scope=https://graph.microsoft.com/.default&client_secret=@{variables('appsecret')}&grant_type=client_credentials"
              },
              "runtimeConfiguration": {
                "contentTransfer": {
                  "transferMode": "Chunked"
                }
              }
            },
            "Parse_JSON": {
              "runAfter": {
                "HTTP_-_Access_token": [
                  "Succeeded"
                ]
              },
              "metadata": {
                "operationMetadataId": "0c61e335-7da9-4488-a71b-34faf624f739"
              },
              "type": "ParseJson",
              "inputs": {
                "content": "@body('HTTP_-_Access_token')",
                "schema": {
                  "type": "object",
                  "properties": {
                    "token_type": {
                      "type": "string"
                    },
                    "expires_in": {
                      "type": "integer"
                    },
                    "ext_expires_in": {
                      "type": "integer"
                    },
                    "access_token": {
                      "type": "string"
                    }
                  }
                }
              }
            },
            "HTTP_-_Get_license_information": {
              "runAfter": {
                "Parse_JSON": [
                  "Succeeded"
                ]
              },
              "metadata": {
                "operationMetadataId": "477e1691-d888-4038-b298-8bbffd77ed7f"
              },
              "type": "Http",
              "inputs": {
                "uri": "https://graph.microsoft.com/v1.0/subscribedSkus",
                "method": "GET",
                "headers": {
                  "Authorization": "Bearer @{body('Parse_JSON')?['access_token']}"
                },
                "authentication": {
                  "type": "ActiveDirectoryOAuth",
                  "authority": "https://login.windows.net",
                  "tenant": "@{variables('tenantid')}",
                  "audience": "https://graph.microsoft.com",
                  "clientId": "@{variables('clientid')}",
                  "secret": "@{variables('appsecret')}"
                }
              },
              "runtimeConfiguration": {
                "contentTransfer": {
                  "transferMode": "Chunked"
                }
              }
            },
            "Parse_JSON_1": {
              "runAfter": {
                "HTTP_-_Get_license_information": [
                  "Succeeded"
                ]
              },
              "metadata": {
                "operationMetadataId": "75ed3995-83e5-4db9-bd2e-ed221fec8aeb"
              },
              "type": "ParseJson",
              "inputs": {
                "content": "@body('HTTP_-_Get_license_information')",
                "schema": {
                  "type": "object",
                  "properties": {
                    "@@odata.context": {
                      "type": "string"
                    },
                    "value": {
                      "type": "array",
                      "items": {
                        "type": "object",
                        "properties": {
                          "accountName": {
                            "type": "string"
                          },
                          "accountId": {
                            "type": "string"
                          },
                          "appliesTo": {
                            "type": "string"
                          },
                          "capabilityStatus": {
                            "type": "string"
                          },
                          "consumedUnits": {
                            "type": "integer"
                          },
                          "id": {
                            "type": "string"
                          },
                          "skuId": {
                            "type": "string"
                          },
                          "skuPartNumber": {
                            "type": "string"
                          },
                          "subscriptionIds": {
                            "type": "array",
                            "items": {
                              "type": "string"
                            }
                          },
                          "prepaidUnits": {
                            "type": "object",
                            "properties": {
                              "enabled": {
                                "type": "integer"
                              },
                              "suspended": {
                                "type": "integer"
                              },
                              "warning": {
                                "type": "integer"
                              },
                              "lockedOut": {
                                "type": "integer"
                              }
                            }
                          },
                          "servicePlans": {
                            "type": "array",
                            "items": {
                              "type": "object",
                              "properties": {
                                "servicePlanId": {
                                  "type": "string"
                                },
                                "servicePlanName": {
                                  "type": "string"
                                },
                                "provisioningStatus": {
                                  "type": "string"
                                },
                                "appliesTo": {
                                  "type": "string"
                                }
                              },
                              "required": [
                                "servicePlanId",
                                "servicePlanName",
                                "provisioningStatus",
                                "appliesTo"
                              ]
                            }
                          }
                        },
                        "required": [
                          "accountName",
                          "accountId",
                          "appliesTo",
                          "capabilityStatus",
                          "consumedUnits",
                          "id",
                          "skuId",
                          "skuPartNumber",
                          "subscriptionIds",
                          "prepaidUnits",
                          "servicePlans"
                        ]
                      }
                    }
                  }
                }
              }
            },
            "Apply_to_each": {
              "foreach": "@body('Parse_JSON_1')?['value']",
              "actions": {
                "Set_variable_-_skuCount_plus_1_eq_skuCountUp": {
                  "metadata": {
                    "operationMetadataId": "6b829d6c-948b-4d79-939b-29e43387f980"
                  },
                  "type": "SetVariable",
                  "inputs": {
                    "name": "skuCountUp",
                    "value": "@add(variables('skuCount'), 1)"
                  }
                },
                "Append_to_string_variable_-_Add_new_sku_header": {
                  "runAfter": {
                    "Set_variable_-_Set_skuCount_to_skucountUp_": [
                      "Succeeded"
                    ]
                  },
                  "metadata": {
                    "operationMetadataId": "35f24b7b-b901-482b-85cd-e092134a78f9"
                  },
                  "type": "AppendToStringVariable",
                  "inputs": {
                    "name": "Emailbody2",
                    "value": "<font size=5><b>Licensed Sku Report:</b>     @{variables('skuCount')} </font>\n"
                  }
                },
                "Set_variable_-_Set_skuCount_to_skucountUp_": {
                  "runAfter": {
                    "Set_variable_-_skuCount_plus_1_eq_skuCountUp": [
                      "Succeeded"
                    ]
                  },
                  "metadata": {
                    "operationMetadataId": "f201887e-1ab5-4229-b8f1-8b2c34f46892"
                  },
                  "type": "SetVariable",
                  "inputs": {
                    "name": "skuCount",
                    "value": "@variables('skuCountUp')"
                  }
                },
                "Append_to_string_variable_-_EmailBody-2": {
                  "runAfter": {
                    "Append_to_string_variable_-_Add_new_sku_header": [
                      "Succeeded"
                    ]
                  },
                  "metadata": {
                    "operationMetadataId": "00c5c0de-d510-4005-af3f-b835890fb9e1"
                  },
                  "type": "AppendToStringVariable",
                  "inputs": {
                    "name": "Emailbody2",
                    "value": "<br><b>Sku Description:</b>   @{item()?['skuPartNumber']} \n"
                  }
                },
                "Append_to_string_consumedunits_2": {
                  "runAfter": {
                    "Append_to_string_variable_-_EmailBody-2": [
                      "Succeeded"
                    ]
                  },
                  "metadata": {
                    "operationMetadataId": "dc210348-079b-4395-aa1f-62289b231602"
                  },
                  "type": "AppendToStringVariable",
                  "inputs": {
                    "name": "Emailbody2",
                    "value": "<br><b>Consumed units:</b>       @{item()?['consumedUnits']} \n"
                  }
                },
                "Append_to_string_variable-_prepaid_units_enabled_2": {
                  "runAfter": {
                    "Append_to_string_consumedunits_2": [
                      "Succeeded"
                    ]
                  },
                  "metadata": {
                    "operationMetadataId": "d7da97dc-bedf-4764-9cda-d1cb5ab00b77"
                  },
                  "type": "AppendToStringVariable",
                  "inputs": {
                    "name": "Emailbody2",
                    "value": "<br><b>Prepaid units Enabled:</b>     @{item()?['prepaidUnits']?['enabled']} \n"
                  }
                },
                "Append_to_string_variable-_suspended-2": {
                  "runAfter": {
                    "Append_to_string_variable-_prepaid_units_enabled_2": [
                      "Succeeded"
                    ]
                  },
                  "metadata": {
                    "operationMetadataId": "10a5876d-dc03-4c3e-8a2f-26c7c131101e"
                  },
                  "type": "AppendToStringVariable",
                  "inputs": {
                    "name": "Emailbody2",
                    "value": "<br><b>Suspended:</b>     @{item()?['prepaidUnits']?['suspended']} \n"
                  }
                },
                "Append_to_string_variable-warning-2": {
                  "runAfter": {
                    "Append_to_string_variable-_suspended-2": [
                      "Succeeded"
                    ]
                  },
                  "metadata": {
                    "operationMetadataId": "1f2f2a61-3561-4209-9e96-1f23d2586ec2"
                  },
                  "type": "AppendToStringVariable",
                  "inputs": {
                    "name": "Emailbody2",
                    "value": "<br><b>Warnings:</b>     @{item()?['prepaidUnits']?['warning']} \n"
                  }
                },
                "Append_to_string_variable-lockedout-2": {
                  "runAfter": {
                    "Append_to_string_variable-warning-2": [
                      "Succeeded"
                    ]
                  },
                  "metadata": {
                    "operationMetadataId": "969eb7cb-94cc-4c8e-878c-023cbf75344c"
                  },
                  "type": "AppendToStringVariable",
                  "inputs": {
                    "name": "Emailbody2",
                    "value": "<br><b>Lockouts: </b>    @{item()?['prepaidUnits']?['lockedOut']} <br>\n"
                  }
                },
                "Append_to_string_variable_-_Sharepoint_html": {
                  "runAfter": {
                    "Compose_color": [
                      "Succeeded"
                    ]
                  },
                  "type": "AppendToStringVariable",
                  "inputs": {
                    "name": "SharepointHTMLBody",
                    "value": "      <div style='flex:1 1 300px; background-color:#661414; border-radius:10px; padding:10px; margin:8px; box-shadow:0 2px 6px rgba(0,0,0,0.2);'>\n        <h3 style='margin-top:0; font-size:18px;'>📦 @{item()?['skuPartNumber']}</h3>\n  <p style='font-size:16px;'><strong>Consumed:</strong>@{item()?['consumedUnits']}</p>\n <p style='font-size:14px;'><strong>Prepaid:</strong>@{item()?['prepaidUnits']?['enabled']}</p>\n<p style='font-size:16px; color:#F5F5F5;'>\n    🚫 Suspended:  @{item()?['prepaidUnits']?['suspended']}| \n    ⚠️ Warnings: @{item()?['prepaidUnits']?['warning']} | \n    🔒 Lockouts: @{item()?['prepaidUnits']?['lockedOut']}\n  </p>\n</div>"
                  }
                },
                "Compose_color": {
                  "runAfter": {
                    "Append_to_string_variable-lockedout-2": [
                      "Succeeded"
                    ]
                  },
                  "type": "Compose",
                  "inputs": "@{variables('coloPalette')[mod(variables('chipIndex'), length(variables('coloPalette')))]}\n"
                },
                "Increment_variable_-_increment_chipIndex": {
                  "runAfter": {
                    "Append_to_string_variable_-_Sharepoint_html": [
                      "Succeeded"
                    ]
                  },
                  "type": "IncrementVariable",
                  "inputs": {
                    "name": "chipIndex",
                    "value": 1
                  }
                }
              },
              "runAfter": {
                "Parse_JSON_1": [
                  "Succeeded"
                ]
              },
              "metadata": {
                "operationMetadataId": "43312855-eb06-4f67-83a6-c59f73964cd6"
              },
              "type": "Foreach"
            },
            "Append_to_string_variable_1_-_sharepoint_html_body": {
              "runAfter": {
                "Apply_to_each": [
                  "Succeeded"
                ]
              },
              "type": "AppendToStringVariable",
              "inputs": {
                "name": "SharepointHTMLBody",
                "value": "    </div>\n  </div>\n\n  <!-- Footer -->\n\n</div>"
              }
            },
            "Append_to_string_variable_-_emailbody2": {
              "runAfter": {
                "Append_to_string_variable_1_-_sharepoint_html_body": [
                  "Succeeded"
                ]
              },
              "type": "AppendToStringVariable",
              "inputs": {
                "name": "Emailbody2",
                "value": " </p>\n    <p>\n      Best Regards,\n\nYour HR Team\n    </p>\n  </div>\n  <div class=\"footer\">\n    <p>&copy; [@{formatDateTime(utcNow(), 'yyyy')}] []. All rights reserved.</p>\n  </div>\n</body>\n</html>"
              }
            },
            "Send_an_email_(V2)": {
              "runAfter": {
                "Append_to_string_variable_-_emailbody2": [
                  "Succeeded"
                ]
              },
              "type": "OpenApiConnection",
              "inputs": {
                "parameters": {
                  "emailMessage/To": "@variables('ReportManager')",
                  "emailMessage/Subject": "Weekly Licence Report: @{formatDateTime(utcNow(), 'dd-MM-yyyy')}",
                  "emailMessage/Body": "<p class=\"editor-paragraph\">@{variables('Emailbody2')}</p>",
                  "emailMessage/Importance": "Normal"
                },
                "host": {
                  "apiId": "/providers/Microsoft.PowerApps/apis/shared_office365",
                  "operationId": "SendEmailV2",
                  "connectionName": "shared_office365_1"
                }
              }
            },
            "Create_item_-_add_a_power_app_report": {
              "runAfter": {
                "Send_an_email_(V2)": [
                  "Succeeded"
                ]
              },
              "type": "OpenApiConnection",
              "inputs": {
                "parameters": {
                  "dataset": "https://kumonixtech.sharepoint.com/sites/IntuneHRFlow22",
                  "table": "868f7b94-2454-4abc-8d8d-c81cbb3fca5a",
                  "item/HTMLreport": "@variables('SharepointHTMLBody')",
                  "item/ReportType/Value": "License",
                  "item/numLicenses": "@variables('chipIndex')",
                  "item": {
                    "HTMLreport": "@{variables('SharepointHTMLBody')}",
                    "numLicenses": "@variables('chipIndex')",
                    "ReportType": {
                      "Value": "License"
                    }
                  }
                },
                "host": {
                  "apiId": "/providers/Microsoft.PowerApps/apis/shared_sharepointonline",
                  "operationId": "PostItem",
                  "connectionName": "shared_sharepointonline_1"
                }
              }
            },
            "Update_item_-_update_settings_record_to_time_run": {
              "runAfter": {
                "Create_item_-_add_a_power_app_report": [
                  "Succeeded"
                ]
              },
              "type": "OpenApiConnection",
              "inputs": {
                "parameters": {
                  "dataset": "https://kumonixtech.sharepoint.com/sites/IntuneHRFlow22",
                  "table": "868f7b94-2454-4abc-8d8d-c81cbb3fca5a",
                  "id": 1,
                  "item/LastTimeRun": "@utcNow()"
                },
                "host": {
                  "apiId": "/providers/Microsoft.PowerApps/apis/shared_sharepointonline",
                  "operationId": "PatchItem",
                  "connectionName": "shared_sharepointonline_1"
                }
              }
            }
          },
          "runAfter": {
            "Initialize_variable_-_sharepoint_html_body": [
              "Succeeded"
            ]
          },
          "else": {
            "actions": {}
          },
          "expression": {
            "and": [
              {
                "equals": [
                  "@\r\ngreaterOrEquals(\r\n  utcNow(),\r\n  addMinutes(\r\n    outputs('Get_item_-_PowerAppReports_settings_record')?['body/LastTimeRun'],\r\n    int(outputs('Get_item_-_PowerAppReports_settings_record')?['body/ReportInterval']?['Value'])\r\n  )\r\n)",
                  true
                ]
              },
              {
                "equals": [
                  "@bool(outputs('Get_item_-_PowerAppReports_settings_record')?['body/LicenseSettings']?['Value'])",
                  true
                ]
              }
            ]
          },
          "type": "If"
        },
        "Initialize_ReportManager": {
          "runAfter": {},
          "metadata": {
            "operationMetadataId": "57c57730-8d99-47f7-bae5-1631c64f7717"
          },
          "type": "InitializeVariable",
          "inputs": {
            "variables": [
              {
                "name": "ReportManager",
                "type": "string",
                "value": "name@domain.com"
              }
            ]
          }
        }
      }
    },
    "templateName": null
  },
  "schemaVersion": "1.0.0.0"
}