{
  "properties": {
    "connectionReferences": {
      "shared_sharepointonline_1": {
        "runtimeSource": "embedded",
        "connection": {
          "connectionReferenceLogicalName": "cr23a_sharedsharepointonline_1d640"
        },
        "api": {
          "name": "shared_sharepointonline"
        }
      }
    },
    "definition": {
      "$schema": "https://schema.management.azure.com/providers/Microsoft.Logic/schemas/2016-06-01/workflowdefinition.json#",
      "contentVersion": "undefined",
      "parameters": {
        "$authentication": {
          "defaultValue": {},
          "type": "SecureObject"
        },
        "$connections": {
          "defaultValue": {},
          "type": "Object"
        }
      },
      "triggers": {
        "Recurrence": {
          "recurrence": {
            "frequency": "Day",
            "interval": 1,
            "startTime": "2025-02-17T10:00:00Z"
          },
          "metadata": {
            "operationMetadataId": "7385d0c6-41fa-4187-80dc-995d522b6222"
          },
          "type": "Recurrence"
        }
      },
      "actions": {
        "Initialize_ReportManager": {
          "runAfter": {},
          "metadata": {
            "operationMetadataId": "57c57730-8d99-47f7-bae5-1631c64f7717"
          },
          "type": "InitializeVariable",
          "inputs": {
            "variables": [
              {
                "name": "ReportManager",
                "type": "string",
                "value": "name@domain.com"
              }
            ]
          }
        },
        "Get_items_retrieve_old_records_for_deletion": {
          "runAfter": {
            "Initialize_ReportManager": [
              "Succeeded"
            ]
          },
          "type": "OpenApiConnection",
          "inputs": {
            "parameters": {
              "dataset": "https://kumonixtech.sharepoint.com/sites/IntuneHRFlow22",
              "table": "868f7b94-2454-4abc-8d8d-c81cbb3fca5a",
              "$filter": "Created lt '@{formatDateTime(addDays(utcNow(), -3), 'yyyy-MM-ddTHH:mm:ssZ')}' and ReportType ne 'AppSettings'"
            },
            "host": {
              "apiId": "/providers/Microsoft.PowerApps/apis/shared_sharepointonline",
              "operationId": "GetItems",
              "connectionName": "shared_sharepointonline_1"
            }
          }
        },
        "Parse_JSON": {
          "runAfter": {
            "Get_items_retrieve_old_records_for_deletion": [
              "Succeeded"
            ]
          },
          "type": "ParseJson",
          "inputs": {
            "content": "@body('Get_items_retrieve_old_records_for_deletion')",
            "schema": {
              "type": "object",
              "properties": {
                "statusCode": {
                  "type": "integer"
                },
                "headers": {
                  "type": "object",
                  "properties": {
                    "Cache-Control": {
                      "type": "string"
                    },
                    "Transfer-Encoding": {
                      "type": "string"
                    },
                    "Vary": {
                      "type": "string"
                    },
                    "X-NetworkStatistics": {
                      "type": "string"
                    },
                    "X-SharePointHealthScore": {
                      "type": "string"
                    },
                    "X-MS-SPConnector": {
                      "type": "string"
                    },
                    "X-SP-SERVERSTATE": {
                      "type": "string"
                    },
                    "DATASERVICEVERSION": {
                      "type": "string"
                    },
                    "SPClientServiceRequestDuration": {
                      "type": "string"
                    },
                    "IsOCDI": {
                      "type": "string"
                    },
                    "X-DataBoundary": {
                      "type": "string"
                    },
                    "X-1DSCollectorUrl": {
                      "type": "string"
                    },
                    "X-AriaCollectorURL": {
                      "type": "string"
                    },
                    "SPRequestGuid": {
                      "type": "string"
                    },
                    "request-id": {
                      "type": "string"
                    },
                    "MS-CV": {
                      "type": "string"
                    },
                    "SPLogId": {
                      "type": "string"
                    },
                    "Alt-Svc": {
                      "type": "string"
                    },
                    "Strict-Transport-Security": {
                      "type": "string"
                    },
                    "X-Frame-Options": {
                      "type": "string"
                    },
                    "Content-Security-Policy": {
                      "type": "string"
                    },
                    "MicrosoftSharePointTeamServices": {
                      "type": "string"
                    },
                    "X-Content-Type-Options": {
                      "type": "string"
                    },
                    "X-MS-InvokeApp": {
                      "type": "string"
                    },
                    "P3P": {
                      "type": "string"
                    },
                    "X-AspNet-Version": {
                      "type": "string"
                    },
                    "X-Powered-By": {
                      "type": "string"
                    },
                    "x-ms-environment-id": {
                      "type": "string"
                    },
                    "x-ms-tenant-id": {
                      "type": "string"
                    },
                    "x-ms-subscription-id": {
                      "type": "string"
                    },
                    "x-ms-dlp-re": {
                      "type": "string"
                    },
                    "x-ms-dlp-gu": {
                      "type": "string"
                    },
                    "x-ms-dlp-ef": {
                      "type": "string"
                    },
                    "x-ms-mip-sl": {
                      "type": "string"
                    },
                    "x-ms-au-creator-id": {
                      "type": "string"
                    },
                    "Timing-Allow-Origin": {
                      "type": "string"
                    },
                    "x-ms-apihub-cached-response": {
                      "type": "string"
                    },
                    "x-ms-apihub-obo": {
                      "type": "string"
                    },
                    "Date": {
                      "type": "string"
                    },
                    "Content-Type": {
                      "type": "string"
                    },
                    "Expires": {
                      "type": "string"
                    },
                    "Last-Modified": {
                      "type": "string"
                    },
                    "Content-Length": {
                      "type": "string"
                    }
                  }
                },
                "body": {
                  "type": "object",
                  "properties": {
                    "value": {
                      "type": "array",
                      "items": {
                        "type": "object",
                        "properties": {
                          "@@odata.etag": {
                            "type": "string"
                          },
                          "ItemInternalId": {
                            "type": "string"
                          },
                          "ID": {
                            "type": "integer"
                          },
                          "HTMLreport": {
                            "type": "string"
                          },
                          "ReportType": {
                            "type": "object",
                            "properties": {
                              "@@odata.type": {
                                "type": "string"
                              },
                              "Id": {
                                "type": "integer"
                              },
                              "Value": {
                                "type": "string"
                              }
                            }
                          },
                          "ReportType#Id": {
                            "type": "integer"
                          },
                          "TotalEnrolled": {
                            "type": "integer"
                          },
                          "MDMEnrolled": {
                            "type": "integer"
                          },
                          "OSWindows": {
                            "type": "integer"
                          },
                          "OSAndroid": {
                            "type": "integer"
                          },
                          "OSIphone": {
                            "type": "integer"
                          },
                          "CompliantDevices": {
                            "type": "integer"
                          },
                          "NonCompliantDevices": {
                            "type": "integer"
                          },
                          "Created": {
                            "type": "string"
                          },
                          "maOSConfigPolicies": {
                            "type": "integer"
                          },
                          "numApps": {
                            "type": "integer"
                          },
                          "numLicenses": {
                            "type": "integer"
                          },
                          "WinApps": {
                            "type": "integer"
                          },
                          "AndroidApps": {
                            "type": "integer"
                          },
                          "iOSApps": {
                            "type": "integer"
                          },
                          "macOSApps": {
                            "type": "integer"
                          },
                          "DeviceSettings": {
                            "type": "object",
                            "properties": {
                              "@@odata.type": {
                                "type": "string"
                              },
                              "Id": {
                                "type": "integer"
                              },
                              "Value": {
                                "type": "string"
                              }
                            }
                          },
                          "DeviceSettings#Id": {
                            "type": "integer"
                          },
                          "AppSettings": {
                            "type": "object",
                            "properties": {
                              "@@odata.type": {
                                "type": "string"
                              },
                              "Id": {
                                "type": "integer"
                              },
                              "Value": {
                                "type": "string"
                              }
                            }
                          },
                          "AppSettings#Id": {
                            "type": "integer"
                          },
                          "LicenseSettings": {
                            "type": "object",
                            "properties": {
                              "@@odata.type": {
                                "type": "string"
                              },
                              "Id": {
                                "type": "integer"
                              },
                              "Value": {
                                "type": "string"
                              }
                            }
                          },
                          "LicenseSettings#Id": {
                            "type": "integer"
                          },
                          "CpmplianceSettings": {
                            "type": "object",
                            "properties": {
                              "@@odata.type": {
                                "type": "string"
                              },
                              "Id": {
                                "type": "integer"
                              },
                              "Value": {
                                "type": "string"
                              }
                            }
                          },
                          "CpmplianceSettings#Id": {
                            "type": "integer"
                          },
                          "ConfigSettings": {
                            "type": "object",
                            "properties": {
                              "@@odata.type": {
                                "type": "string"
                              },
                              "Id": {
                                "type": "integer"
                              },
                              "Value": {
                                "type": "string"
                              }
                            }
                          },
                          "ConfigSettings#Id": {
                            "type": "integer"
                          },
                          "ReportInterval": {
                            "type": "object",
                            "properties": {
                              "@@odata.type": {
                                "type": "string"
                              },
                              "Id": {
                                "type": "integer"
                              },
                              "Value": {
                                "type": "string"
                              }
                            }
                          },
                          "ReportInterval#Id": {
                            "type": "integer"
                          },
                          "LastTimeRun": {
                            "type": "string"
                          },
                          "Modified": {
                            "type": "string"
                          },
                          "Author": {
                            "type": "object",
                            "properties": {
                              "@@odata.type": {
                                "type": "string"
                              },
                              "Claims": {
                                "type": "string"
                              },
                              "DisplayName": {
                                "type": "string"
                              },
                              "Email": {
                                "type": "string"
                              },
                              "Picture": {
                                "type": "string"
                              },
                              "Department": {},
                              "JobTitle": {
                                "type": "string"
                              }
                            }
                          },
                          "Author#Claims": {
                            "type": "string"
                          },
                          "Editor": {
                            "type": "object",
                            "properties": {
                              "@@odata.type": {
                                "type": "string"
                              },
                              "Claims": {
                                "type": "string"
                              },
                              "DisplayName": {
                                "type": "string"
                              },
                              "Email": {
                                "type": "string"
                              },
                              "Picture": {
                                "type": "string"
                              },
                              "Department": {},
                              "JobTitle": {
                                "type": "string"
                              }
                            }
                          },
                          "Editor#Claims": {
                            "type": "string"
                          },
                          "{Identifier}": {
                            "type": "string"
                          },
                          "{IsFolder}": {
                            "type": "boolean"
                          },
                          "{Thumbnail}": {
                            "type": "object",
                            "properties": {
                              "Large": {},
                              "Medium": {},
                              "Small": {}
                            }
                          },
                          "{Link}": {
                            "type": "string"
                          },
                          "{Name}": {
                            "type": "string"
                          },
                          "{FilenameWithExtension}": {
                            "type": "string"
                          },
                          "{Path}": {
                            "type": "string"
                          },
                          "{FullPath}": {
                            "type": "string"
                          },
                          "{ContentType}": {
                            "type": "object",
                            "properties": {
                              "@@odata.type": {
                                "type": "string"
                              },
                              "Id": {
                                "type": "string"
                              },
                              "Name": {
                                "type": "string"
                              }
                            }
                          },
                          "{ContentType}#Id": {
                            "type": "string"
                          },
                          "{HasAttachments}": {
                            "type": "boolean"
                          },
                          "{VersionNumber}": {
                            "type": "string"
                          }
                        },
                        "required": [
                          "@@odata.etag",
                          "ItemInternalId",
                          "ID",
                          "HTMLreport",
                          "ReportType",
                          "ReportType#Id",
                          "TotalEnrolled",
                          "MDMEnrolled",
                          "OSWindows",
                          "OSAndroid",
                          "OSIphone",
                          "CompliantDevices",
                          "NonCompliantDevices",
                          "Created",
                          "maOSConfigPolicies",
                          "numApps",
                          "numLicenses",
                          "WinApps",
                          "AndroidApps",
                          "iOSApps",
                          "macOSApps",
                          "DeviceSettings",
                          "DeviceSettings#Id",
                          "AppSettings",
                          "AppSettings#Id",
                          "LicenseSettings",
                          "LicenseSettings#Id",
                          "CpmplianceSettings",
                          "CpmplianceSettings#Id",
                          "ConfigSettings",
                          "ConfigSettings#Id",
                          "ReportInterval",
                          "ReportInterval#Id",
                          "LastTimeRun",
                          "Modified",
                          "Author",
                          "Author#Claims",
                          "Editor",
                          "Editor#Claims",
                          "{Identifier}",
                          "{IsFolder}",
                          "{Thumbnail}",
                          "{Link}",
                          "{Name}",
                          "{FilenameWithExtension}",
                          "{Path}",
                          "{FullPath}",
                          "{ContentType}",
                          "{ContentType}#Id",
                          "{HasAttachments}",
                          "{VersionNumber}"
                        ]
                      }
                    }
                  }
                }
              }
            }
          }
        },
        "Apply_to_each": {
          "foreach": "@outputs('Parse_JSON')?['body']?['value']",
          "actions": {
            "Delete_item": {
              "type": "OpenApiConnection",
              "inputs": {
                "parameters": {
                  "dataset": "https://kumonixtech.sharepoint.com/sites/IntuneHRFlow22",
                  "table": "868f7b94-2454-4abc-8d8d-c81cbb3fca5a",
                  "id": "@items('Apply_to_each')?['ID']"
                },
                "host": {
                  "apiId": "/providers/Microsoft.PowerApps/apis/shared_sharepointonline",
                  "operationId": "DeleteItem",
                  "connectionName": "shared_sharepointonline_1"
                }
              }
            }
          },
          "runAfter": {
            "Parse_JSON": [
              "Succeeded"
            ]
          },
          "type": "Foreach"
        }
      }
    },
    "templateName": null
  },
  "schemaVersion": "1.0.0.0"
}